Seq_1_LinJ.01|src_c01.20A,,,,,,,,,,,,,,,,,,,,,,,,,,,,,,,,,,,,,,,,,
Seq_3_LinJ.01|src_c01.40,,,,,,,,,,,,,,,,,,,,,,,,,,,,,,,,,,,,,,,,,
Seq_6_LinJ.01|src_c01.70,,,,,,,,,,,,,,,,,,,,,,,,,,,,,,,,,,,,,,,,,
Seq_7_LinJ.01|src_c01.80,Seq_59_LinJ.05|src_c05.90,,,,,,,,,,,,,,,,,,,,,,,,,,,,,,,,,,,,,,,,
Seq_12_LinJ.01|src_c01.130,,,,,,,,,,,,,,,,,,,,,,,,,,,,,,,,,,,,,,,,,
Seq_17_LinJ.02|src_c02.20A,,,,,,,,,,,,,,,,,,,,,,,,,,,,,,,,,,,,,,,,,
Seq_20_LinJ.02|src_c02.40B,,,,,,,,,,,,,,,,,,,,,,,,,,,,,,,,,,,,,,,,,
Seq_23_LinJ.02|src_c02.60C,,,,,,,,,,,,,,,,,,,,,,,,,,,,,,,,,,,,,,,,,
Seq_19_LinJ.02|src_c02.70,,,,,,,,,,,,,,,,,,,,,,,,,,,,,,,,,,,,,,,,,
Seq_26_LinJ.02|src_c02.140,,,,,,,,,,,,,,,,,,,,,,,,,,,,,,,,,,,,,,,,,
Seq_29_LinJ.02|src_c02.150D,Seq_1091_LinJ.27|src_c27.800,,,,,,,,,,,,,,,,,,,,,,,,,,,,,,,,,,,,,,,,
Seq_28_LinJ.02|src_c02.160,,,,,,,,,,,,,,,,,,,,,,,,,,,,,,,,,,,,,,,,,
Seq_30_LinJ.03|src_c03.10,,,,,,,,,,,,,,,,,,,,,,,,,,,,,,,,,,,,,,,,,
Seq_31_LinJ.03|src_c03.20,,,,,,,,,,,,,,,,,,,,,,,,,,,,,,,,,,,,,,,,,
Seq_32_LinJ.03|src_c03.30,,,,,,,,,,,,,,,,,,,,,,,,,,,,,,,,,,,,,,,,,
Seq_33_LinJ.03|src_c03.40A,,,,,,,,,,,,,,,,,,,,,,,,,,,,,,,,,,,,,,,,,
Seq_35_LinJ.03|src_c03.60,,,,,,,,,,,,,,,,,,,,,,,,,,,,,,,,,,,,,,,,,
Seq_39_LinJ.04|src_c04.30,,,,,,,,,,,,,,,,,,,,,,,,,,,,,,,,,,,,,,,,,
Seq_43_LinJ.04|src_c04.70,,,,,,,,,,,,,,,,,,,,,,,,,,,,,,,,,,,,,,,,,
Seq_44_LinJ.04|src_c04.80,,,,,,,,,,,,,,,,,,,,,,,,,,,,,,,,,,,,,,,,,
Seq_45_LinJ.04|src_c04.90,,,,,,,,,,,,,,,,,,,,,,,,,,,,,,,,,,,,,,,,,
Seq_46_LinJ.04|src_c04.100B,,,,,,,,,,,,,,,,,,,,,,,,,,,,,,,,,,,,,,,,,
Seq_49_LinJ.04|src_c04.130C,,,,,,,,,,,,,,,,,,,,,,,,,,,,,,,,,,,,,,,,,
Seq_52_LinJ.05|src_c05.20A,,,,,,,,,,,,,,,,,,,,,,,,,,,,,,,,,,,,,,,,,
Seq_57_LinJ.05|src_c05.70,,,,,,,,,,,,,,,,,,,,,,,,,,,,,,,,,,,,,,,,,
Seq_58_LinJ.05|src_c05.80,,,,,,,,,,,,,,,,,,,,,,,,,,,,,,,,,,,,,,,,,
Seq_60_LinJ.05|src_c05.100,,,,,,,,,,,,,,,,,,,,,,,,,,,,,,,,,,,,,,,,,
Seq_61_LinJ.05|src_c05.110,,,,,,,,,,,,,,,,,,,,,,,,,,,,,,,,,,,,,,,,,
Seq_63_LinJ.05|src_c05.130B,,,,,,,,,,,,,,,,,,,,,,,,,,,,,,,,,,,,,,,,,
Seq_65_LinJ.05|src_c05.150,Seq_140_LinJ.08|src_c08.90,Seq_505_LinJ.17|src_c17.370,,,,,,,,,,,,,,,,,,,,,,,,,,,,,,,,,,,,,,,
Seq_67_LinJ.05|src_c05.170C,,,,,,,,,,,,,,,,,,,,,,,,,,,,,,,,,,,,,,,,,
Seq_69_LinJ.05|src_c05.190,,,,,,,,,,,,,,,,,,,,,,,,,,,,,,,,,,,,,,,,,
Seq_70_LinJ.05|src_c05.200,,,,,,,,,,,,,,,,,,,,,,,,,,,,,,,,,,,,,,,,,
Seq_75_LinJ.06|src_c06.20A,,,,,,,,,,,,,,,,,,,,,,,,,,,,,,,,,,,,,,,,,
Seq_74_LinJ.06|src_c06.30,,,,,,,,,,,,,,,,,,,,,,,,,,,,,,,,,,,,,,,,,
Seq_76_LinJ.06|src_c06.50,,,,,,,,,,,,,,,,,,,,,,,,,,,,,,,,,,,,,,,,,
Seq_77_LinJ.06|src_c06.60,,,,,,,,,,,,,,,,,,,,,,,,,,,,,,,,,,,,,,,,,
Seq_78_LinJ.06|src_c06.70,,,,,,,,,,,,,,,,,,,,,,,,,,,,,,,,,,,,,,,,,
Seq_80_LinJ.06|src_c06.80B,,,,,,,,,,,,,,,,,,,,,,,,,,,,,,,,,,,,,,,,,
Seq_84_LinJ.06|src_c06.130,,,,,,,,,,,,,,,,,,,,,,,,,,,,,,,,,,,,,,,,,
Seq_85_LinJ.06|src_c06.140,,,,,,,,,,,,,,,,,,,,,,,,,,,,,,,,,,,,,,,,,
Seq_86_LinJ.06|src_c06.150,,,,,,,,,,,,,,,,,,,,,,,,,,,,,,,,,,,,,,,,,
Seq_88_LinJ.06|src_c06.160C,,,,,,,,,,,,,,,,,,,,,,,,,,,,,,,,,,,,,,,,,
Seq_95_LinJ.06|src_c06.240,,,,,,,,,,,,,,,,,,,,,,,,,,,,,,,,,,,,,,,,,
Seq_96_LinJ.06|src_c06.250,,,,,,,,,,,,,,,,,,,,,,,,,,,,,,,,,,,,,,,,,
Seq_98_LinJ.06|src_c06.270,Seq_723_LinJ.22|src_c22.20,,,,,,,,,,,,,,,,,,,,,,,,,,,,,,,,,,,,,,,,
Seq_101_LinJ.07|src_c07.20B,Seq_306_LinJ.12|src_c12.230,Seq_1095_LinJ.28|src_c28.30,,,,,,,,,,,,,,,,,,,,,,,,,,,,,,,,,,,,,,,
Seq_107_LinJ.07|src_c07.30C,,,,,,,,,,,,,,,,,,,,,,,,,,,,,,,,,,,,,,,,,
Seq_110_LinJ.07|src_c07.110,,,,,,,,,,,,,,,,,,,,,,,,,,,,,,,,,,,,,,,,,
Seq_113_LinJ.07|src_c07.120D,,,,,,,,,,,,,,,,,,,,,,,,,,,,,,,,,,,,,,,,,
Seq_112_LinJ.07|src_c07.130,,,,,,,,,,,,,,,,,,,,,,,,,,,,,,,,,,,,,,,,,
Seq_114_LinJ.07|src_c07.150,,,,,,,,,,,,,,,,,,,,,,,,,,,,,,,,,,,,,,,,,
Seq_119_LinJ.07|src_c07.200E,,,,,,,,,,,,,,,,,,,,,,,,,,,,,,,,,,,,,,,,,
Seq_121_LinJ.07|src_c07.220,,,,,,,,,,,,,,,,,,,,,,,,,,,,,,,,,,,,,,,,,
Seq_124_LinJ.07|src_c07.250F,,,,,,,,,,,,,,,,,,,,,,,,,,,,,,,,,,,,,,,,,
Seq_0_LinJ.01|src_c01.10,Seq_100_LinJ.07|src_c07.10A,Seq_1012_LinJ.27|src_c27.10,Seq_1092_LinJ.27|src_c27.810,Seq_1093_LinJ.28|src_c28.10,Seq_1150_LinJ.29|src_c29.10A,Seq_1270_LinJ.30|src_c30.10,Seq_132_LinJ.08|src_c08.10,Seq_1369_LinJ.30|src_c30.1000,Seq_1370_LinJ.31|src_c31.10A,Seq_13_LinJ.02|src_c02.10,Seq_1476_LinJ.32|src_c32.10,Seq_1569_LinJ.32|src_c32.940,Seq_1570_LinJ.33|src_c33.10,Seq_167_LinJ.09|src_c09.10A,Seq_1682_LinJ.34|src_c34.10,Seq_1974_LinJ.36|src_c36.10,Seq_241_LinJ.10|src_c10.430,Seq_242_LinJ.11|src_c11.10A,Seq_282_LinJ.11|src_c11.410,Seq_327_LinJ.12|src_c12.440,Seq_359_LinJ.13|src_c13.10A,Seq_360_LinJ.14|src_c14.10,Seq_36_LinJ.03|src_c03.70,Seq_37_LinJ.04|src_c04.10,Seq_402_LinJ.15|src_c15.10,Seq_428_LinJ.16|src_c16.10,Seq_468_LinJ.16|src_c16.410,Seq_51_LinJ.05|src_c05.10,Seq_521_LinJ.17|src_c17.530,Seq_581_LinJ.18|src_c18.600,Seq_636_LinJ.20|src_c20.10,Seq_679_LinJ.21|src_c21.10,Seq_721_LinJ.21|src_c21.430,Seq_722_LinJ.22|src_c22.10,Seq_72_LinJ.06|src_c06.10,Seq_782_LinJ.23|src_c23.10,Seq_854_LinJ.23|src_c23.730,Seq_855_LinJ.24|src_c24.10,Seq_955_LinJ.25|src_c25.420,Seq_956_LinJ.26|src_c26.10A,Seq_99_LinJ.06|src_c06.280
Seq_133_LinJ.08|src_c08.20A,,,,,,,,,,,,,,,,,,,,,,,,,,,,,,,,,,,,,,,,,
Seq_134_LinJ.08|src_c08.30,,,,,,,,,,,,,,,,,,,,,,,,,,,,,,,,,,,,,,,,,
Seq_135_LinJ.08|src_c08.40,,,,,,,,,,,,,,,,,,,,,,,,,,,,,,,,,,,,,,,,,
Seq_137_LinJ.08|src_c08.60,,,,,,,,,,,,,,,,,,,,,,,,,,,,,,,,,,,,,,,,,
Seq_138_LinJ.08|src_c08.70,,,,,,,,,,,,,,,,,,,,,,,,,,,,,,,,,,,,,,,,,
Seq_139_LinJ.08|src_c08.80B,,,,,,,,,,,,,,,,,,,,,,,,,,,,,,,,,,,,,,,,,
Seq_1077_LinJ.27|src_c27.650L,Seq_1198_LinJ.29|src_c29.490,Seq_1265_LinJ.29|src_c29.430J,Seq_143_LinJ.08|src_c08.120C,Seq_1537_LinJ.32|src_c32.620N,Seq_1561_LinJ.32|src_c32.440J,Seq_1581_LinJ.33|src_c33.120,Seq_1729_LinJ.34|src_c34.480,Seq_1730_LinJ.34|src_c34.490,Seq_1782_LinJ.34|src_c34.90B,Seq_1965_LinJ.35|src_c35.1220AB,Seq_219_LinJ.10|src_c10.210,Seq_220_LinJ.10|src_c10.220,Seq_247_LinJ.11|src_c11.60,Seq_398_LinJ.14|src_c14.390,Seq_443_LinJ.16|src_c16.160C,Seq_544_LinJ.18|src_c18.230,Seq_656_LinJ.20|src_c20.210,,,,,,,,,,,,,,,,,,,,,,,,
Seq_144_LinJ.08|src_c08.130D,Seq_1155_LinJ.29|src_c29.60,Seq_1380_LinJ.31|src_c31.110,,,,,,,,,,,,,,,,,,,,,,,,,,,,,,,,,,,,,,,
Seq_152_LinJ.08|src_c08.210E,,,,,,,,,,,,,,,,,,,,,,,,,,,,,,,,,,,,,,,,,
Seq_164_LinJ.08|src_c08.250F,,,,,,,,,,,,,,,,,,,,,,,,,,,,,,,,,,,,,,,,,
Seq_159_LinJ.08|src_c08.270G,,,,,,,,,,,,,,,,,,,,,,,,,,,,,,,,,,,,,,,,,
Seq_160_LinJ.08|src_c08.290,,,,,,,,,,,,,,,,,,,,,,,,,,,,,,,,,,,,,,,,,
Seq_168_LinJ.09|src_c09.20,,,,,,,,,,,,,,,,,,,,,,,,,,,,,,,,,,,,,,,,,
Seq_169_LinJ.09|src_c09.30,,,,,,,,,,,,,,,,,,,,,,,,,,,,,,,,,,,,,,,,,
Seq_171_LinJ.09|src_c09.50B,,,,,,,,,,,,,,,,,,,,,,,,,,,,,,,,,,,,,,,,,
Seq_174_LinJ.09|src_c09.80,,,,,,,,,,,,,,,,,,,,,,,,,,,,,,,,,,,,,,,,,
Seq_175_LinJ.09|src_c09.90,,,,,,,,,,,,,,,,,,,,,,,,,,,,,,,,,,,,,,,,,
Seq_176_LinJ.09|src_c09.100,,,,,,,,,,,,,,,,,,,,,,,,,,,,,,,,,,,,,,,,,
Seq_177_LinJ.09|src_c09.110,,,,,,,,,,,,,,,,,,,,,,,,,,,,,,,,,,,,,,,,,
Seq_180_LinJ.09|src_c09.140,,,,,,,,,,,,,,,,,,,,,,,,,,,,,,,,,,,,,,,,,
Seq_181_LinJ.09|src_c09.40D,,,,,,,,,,,,,,,,,,,,,,,,,,,,,,,,,,,,,,,,,
Seq_1038_LinJ.27|src_c27.270,Seq_10_LinJ.01|src_c01.110,Seq_1109_LinJ.28|src_c28.170,Seq_1160_LinJ.29|src_c29.110D,Seq_123_LinJ.07|src_c07.240,Seq_1304_LinJ.30|src_c30.350H,Seq_1468_LinJ.31|src_c31.990,Seq_1631_LinJ.33|src_c33.560I,Seq_1793_LinJ.34|src_c34.1120,Seq_1846_LinJ.35|src_c35.130,Seq_187_LinJ.09|src_c09.210,Seq_188_LinJ.09|src_c09.220,Seq_1923_LinJ.35|src_c35.900,Seq_206_LinJ.10|src_c10.80,Seq_2091_LinJ.36|src_c36.1180,Seq_391_LinJ.14|src_c14.320,Seq_460_LinJ.16|src_c16.330,Seq_462_LinJ.16|src_c16.350,Seq_463_LinJ.16|src_c16.360,Seq_66_LinJ.05|src_c05.160,Seq_832_LinJ.23|src_c23.510,Seq_900_LinJ.24|src_c24.160D,Seq_90_LinJ.06|src_c06.190,Seq_921_LinJ.25|src_c25.80,,,,,,,,,,,,,,,,,,
Seq_191_LinJ.09|src_c09.250,,,,,,,,,,,,,,,,,,,,,,,,,,,,,,,,,,,,,,,,,
Seq_195_LinJ.09|src_c09.290,,,,,,,,,,,,,,,,,,,,,,,,,,,,,,,,,,,,,,,,,
Seq_196_LinJ.09|src_c09.300,,,,,,,,,,,,,,,,,,,,,,,,,,,,,,,,,,,,,,,,,
Seq_199_LinJ.10|src_c10.10A,,,,,,,,,,,,,,,,,,,,,,,,,,,,,,,,,,,,,,,,,
Seq_214_LinJ.10|src_c10.20B,,,,,,,,,,,,,,,,,,,,,,,,,,,,,,,,,,,,,,,,,
Seq_201_LinJ.10|src_c10.30,,,,,,,,,,,,,,,,,,,,,,,,,,,,,,,,,,,,,,,,,
Seq_202_LinJ.10|src_c10.40,,,,,,,,,,,,,,,,,,,,,,,,,,,,,,,,,,,,,,,,,
Seq_203_LinJ.10|src_c10.50,,,,,,,,,,,,,,,,,,,,,,,,,,,,,,,,,,,,,,,,,
Seq_204_LinJ.10|src_c10.60C,,,,,,,,,,,,,,,,,,,,,,,,,,,,,,,,,,,,,,,,,
Seq_217_LinJ.10|src_c10.90D,,,,,,,,,,,,,,,,,,,,,,,,,,,,,,,,,,,,,,,,,
Seq_208_LinJ.10|src_c10.100,,,,,,,,,,,,,,,,,,,,,,,,,,,,,,,,,,,,,,,,,
Seq_209_LinJ.10|src_c10.110,,,,,,,,,,,,,,,,,,,,,,,,,,,,,,,,,,,,,,,,,
Seq_210_LinJ.10|src_c10.120,,,,,,,,,,,,,,,,,,,,,,,,,,,,,,,,,,,,,,,,,
Seq_215_LinJ.10|src_c10.170,,,,,,,,,,,,,,,,,,,,,,,,,,,,,,,,,,,,,,,,,
Seq_1779_LinJ.34|src_c34.980,Seq_1914_LinJ.35|src_c35.810,Seq_218_LinJ.10|src_c10.200,Seq_528_LinJ.18|src_c18.70,Seq_731_LinJ.22|src_c22.100,Seq_784_LinJ.23|src_c23.30A,,,,,,,,,,,,,,,,,,,,,,,,,,,,,,,,,,,,
Seq_221_LinJ.10|src_c10.230,Seq_1381_LinJ.31|src_c31.100E,Seq_1518_LinJ.32|src_c32.430,,,,,,,,,,,,,,,,,,,,,,,,,,,,,,,,,,,,,,,
Seq_222_LinJ.10|src_c10.240,,,,,,,,,,,,,,,,,,,,,,,,,,,,,,,,,,,,,,,,,
Seq_225_LinJ.10|src_c10.250E,,,,,,,,,,,,,,,,,,,,,,,,,,,,,,,,,,,,,,,,,
Seq_227_LinJ.10|src_c10.290,,,,,,,,,,,,,,,,,,,,,,,,,,,,,,,,,,,,,,,,,
Seq_228_LinJ.10|src_c10.300,,,,,,,,,,,,,,,,,,,,,,,,,,,,,,,,,,,,,,,,,
Seq_230_LinJ.10|src_c10.320,,,,,,,,,,,,,,,,,,,,,,,,,,,,,,,,,,,,,,,,,
Seq_231_LinJ.10|src_c10.330F,Seq_2050_LinJ.36|src_c36.770,,,,,,,,,,,,,,,,,,,,,,,,,,,,,,,,,,,,,,,,
Seq_246_LinJ.11|src_c11.20B,,,,,,,,,,,,,,,,,,,,,,,,,,,,,,,,,,,,,,,,,
Seq_248_LinJ.11|src_c11.70,,,,,,,,,,,,,,,,,,,,,,,,,,,,,,,,,,,,,,,,,
Seq_267_LinJ.11|src_c11.80C,,,,,,,,,,,,,,,,,,,,,,,,,,,,,,,,,,,,,,,,,
Seq_62_LinJ.05|src_c05.120,Seq_182_LinJ.09|src_c09.120C,Seq_254_LinJ.11|src_c11.90D,Seq_417_LinJ.15|src_c15.160,Seq_700_LinJ.21|src_c21.90B,Seq_810_LinJ.23|src_c23.290,,,,,,,,,,,,,,,,,,,,,,,,,,,,,,,,,,,,
Seq_251_LinJ.11|src_c11.100E,,,,,,,,,,,,,,,,,,,,,,,,,,,,,,,,,,,,,,,,,
Seq_252_LinJ.11|src_c11.110F,,,,,,,,,,,,,,,,,,,,,,,,,,,,,,,,,,,,,,,,,
Seq_253_LinJ.11|src_c11.120G,,,,,,,,,,,,,,,,,,,,,,,,,,,,,,,,,,,,,,,,,
Seq_268_LinJ.11|src_c11.270,,,,,,,,,,,,,,,,,,,,,,,,,,,,,,,,,,,,,,,,,
Seq_269_LinJ.11|src_c11.280,,,,,,,,,,,,,,,,,,,,,,,,,,,,,,,,,,,,,,,,,
Seq_270_LinJ.11|src_c11.290,Seq_551_LinJ.18|src_c18.300I,,,,,,,,,,,,,,,,,,,,,,,,,,,,,,,,,,,,,,,,
Seq_271_LinJ.11|src_c11.300,,,,,,,,,,,,,,,,,,,,,,,,,,,,,,,,,,,,,,,,,
Seq_275_LinJ.11|src_c11.330H,,,,,,,,,,,,,,,,,,,,,,,,,,,,,,,,,,,,,,,,,
Seq_281_LinJ.11|src_c11.390I,,,,,,,,,,,,,,,,,,,,,,,,,,,,,,,,,,,,,,,,,
Seq_285_LinJ.12|src_c12.10A,,,,,,,,,,,,,,,,,,,,,,,,,,,,,,,,,,,,,,,,,
Seq_286_LinJ.12|src_c12.30,,,,,,,,,,,,,,,,,,,,,,,,,,,,,,,,,,,,,,,,,
Seq_287_LinJ.12|src_c12.40,,,,,,,,,,,,,,,,,,,,,,,,,,,,,,,,,,,,,,,,,
Seq_288_LinJ.12|src_c12.50B,,,,,,,,,,,,,,,,,,,,,,,,,,,,,,,,,,,,,,,,,
Seq_294_LinJ.12|src_c12.60C,,,,,,,,,,,,,,,,,,,,,,,,,,,,,,,,,,,,,,,,,
Seq_290_LinJ.12|src_c12.70,,,,,,,,,,,,,,,,,,,,,,,,,,,,,,,,,,,,,,,,,
Seq_296_LinJ.12|src_c12.130,,,,,,,,,,,,,,,,,,,,,,,,,,,,,,,,,,,,,,,,,
Seq_301_LinJ.12|src_c12.140D,,,,,,,,,,,,,,,,,,,,,,,,,,,,,,,,,,,,,,,,,
Seq_298_LinJ.12|src_c12.150,,,,,,,,,,,,,,,,,,,,,,,,,,,,,,,,,,,,,,,,,
Seq_299_LinJ.12|src_c12.160E,,,,,,,,,,,,,,,,,,,,,,,,,,,,,,,,,,,,,,,,,
Seq_300_LinJ.12|src_c12.170,,,,,,,,,,,,,,,,,,,,,,,,,,,,,,,,,,,,,,,,,
Seq_303_LinJ.12|src_c12.200,,,,,,,,,,,,,,,,,,,,,,,,,,,,,,,,,,,,,,,,,
Seq_304_LinJ.12|src_c12.210,,,,,,,,,,,,,,,,,,,,,,,,,,,,,,,,,,,,,,,,,
Seq_305_LinJ.12|src_c12.220,,,,,,,,,,,,,,,,,,,,,,,,,,,,,,,,,,,,,,,,,
Seq_307_LinJ.12|src_c12.240,Seq_1258_LinJ.29|src_c29.1090,,,,,,,,,,,,,,,,,,,,,,,,,,,,,,,,,,,,,,,,
Seq_309_LinJ.12|src_c12.250F,,,,,,,,,,,,,,,,,,,,,,,,,,,,,,,,,,,,,,,,,
Seq_316_LinJ.12|src_c12.330,,,,,,,,,,,,,,,,,,,,,,,,,,,,,,,,,,,,,,,,,
Seq_317_LinJ.12|src_c12.340,Seq_1382_LinJ.31|src_c31.130,Seq_1737_LinJ.34|src_c34.560,,,,,,,,,,,,,,,,,,,,,,,,,,,,,,,,,,,,,,,
Seq_325_LinJ.12|src_c12.350G,,,,,,,,,,,,,,,,,,,,,,,,,,,,,,,,,,,,,,,,,
Seq_319_LinJ.12|src_c12.360,,,,,,,,,,,,,,,,,,,,,,,,,,,,,,,,,,,,,,,,,
Seq_320_LinJ.12|src_c12.370,,,,,,,,,,,,,,,,,,,,,,,,,,,,,,,,,,,,,,,,,
Seq_323_LinJ.12|src_c12.380H,,,,,,,,,,,,,,,,,,,,,,,,,,,,,,,,,,,,,,,,,
Seq_324_LinJ.12|src_c12.410,,,,,,,,,,,,,,,,,,,,,,,,,,,,,,,,,,,,,,,,,
Seq_1225_LinJ.29|src_c29.760M,Seq_1273_LinJ.30|src_c30.40,Seq_1274_LinJ.30|src_c30.50A,Seq_1722_LinJ.34|src_c34.410D,Seq_1825_LinJ.34|src_c34.1440,Seq_331_LinJ.13|src_c13.20B,Seq_411_LinJ.15|src_c15.100B,Seq_42_LinJ.04|src_c04.20A,Seq_907_LinJ.24|src_c24.510J,,,,,,,,,,,,,,,,,,,,,,,,,,,,,,,,,
Seq_330_LinJ.13|src_c13.30,,,,,,,,,,,,,,,,,,,,,,,,,,,,,,,,,,,,,,,,,
Seq_333_LinJ.13|src_c13.60C,,,,,,,,,,,,,,,,,,,,,,,,,,,,,,,,,,,,,,,,,
Seq_334_LinJ.13|src_c13.70,,,,,,,,,,,,,,,,,,,,,,,,,,,,,,,,,,,,,,,,,
Seq_336_LinJ.13|src_c13.90,,,,,,,,,,,,,,,,,,,,,,,,,,,,,,,,,,,,,,,,,
Seq_341_LinJ.13|src_c13.110D,,,,,,,,,,,,,,,,,,,,,,,,,,,,,,,,,,,,,,,,,
Seq_340_LinJ.13|src_c13.130E,,,,,,,,,,,,,,,,,,,,,,,,,,,,,,,,,,,,,,,,,
Seq_345_LinJ.13|src_c13.170F,,,,,,,,,,,,,,,,,,,,,,,,,,,,,,,,,,,,,,,,,
Seq_350_LinJ.13|src_c13.190G,,,,,,,,,,,,,,,,,,,,,,,,,,,,,,,,,,,,,,,,,
Seq_358_LinJ.13|src_c13.310,,,,,,,,,,,,,,,,,,,,,,,,,,,,,,,,,,,,,,,,,
Seq_362_LinJ.14|src_c14.20A,,,,,,,,,,,,,,,,,,,,,,,,,,,,,,,,,,,,,,,,,
Seq_363_LinJ.14|src_c14.40,,,,,,,,,,,,,,,,,,,,,,,,,,,,,,,,,,,,,,,,,
Seq_368_LinJ.14|src_c14.50B,,,,,,,,,,,,,,,,,,,,,,,,,,,,,,,,,,,,,,,,,
Seq_374_LinJ.14|src_c14.150,,,,,,,,,,,,,,,,,,,,,,,,,,,,,,,,,,,,,,,,,
Seq_379_LinJ.14|src_c14.160C,,,,,,,,,,,,,,,,,,,,,,,,,,,,,,,,,,,,,,,,,
Seq_383_LinJ.14|src_c14.240,,,,,,,,,,,,,,,,,,,,,,,,,,,,,,,,,,,,,,,,,
Seq_384_LinJ.14|src_c14.250D,,,,,,,,,,,,,,,,,,,,,,,,,,,,,,,,,,,,,,,,,
Seq_387_LinJ.14|src_c14.280,,,,,,,,,,,,,,,,,,,,,,,,,,,,,,,,,,,,,,,,,
Seq_389_LinJ.14|src_c14.300,,,,,,,,,,,,,,,,,,,,,,,,,,,,,,,,,,,,,,,,,
Seq_392_LinJ.14|src_c14.330,,,,,,,,,,,,,,,,,,,,,,,,,,,,,,,,,,,,,,,,,
Seq_396_LinJ.14|src_c14.340E,,,,,,,,,,,,,,,,,,,,,,,,,,,,,,,,,,,,,,,,,
Seq_399_LinJ.14|src_c14.400,,,,,,,,,,,,,,,,,,,,,,,,,,,,,,,,,,,,,,,,,
Seq_400_LinJ.14|src_c14.410,,,,,,,,,,,,,,,,,,,,,,,,,,,,,,,,,,,,,,,,,
Seq_401_LinJ.14|src_c14.420,Seq_1377_LinJ.31|src_c31.20B,,,,,,,,,,,,,,,,,,,,,,,,,,,,,,,,,,,,,,,,
Seq_407_LinJ.15|src_c15.20A,,,,,,,,,,,,,,,,,,,,,,,,,,,,,,,,,,,,,,,,,
Seq_408_LinJ.15|src_c15.70,,,,,,,,,,,,,,,,,,,,,,,,,,,,,,,,,,,,,,,,,
Seq_413_LinJ.15|src_c15.120,,,,,,,,,,,,,,,,,,,,,,,,,,,,,,,,,,,,,,,,,
Seq_415_LinJ.15|src_c15.140C,,,,,,,,,,,,,,,,,,,,,,,,,,,,,,,,,,,,,,,,,
Seq_416_LinJ.15|src_c15.150,,,,,,,,,,,,,,,,,,,,,,,,,,,,,,,,,,,,,,,,,
Seq_418_LinJ.15|src_c15.170,,,,,,,,,,,,,,,,,,,,,,,,,,,,,,,,,,,,,,,,,
Seq_419_LinJ.15|src_c15.180D,,,,,,,,,,,,,,,,,,,,,,,,,,,,,,,,,,,,,,,,,
Seq_421_LinJ.15|src_c15.200E,,,,,,,,,,,,,,,,,,,,,,,,,,,,,,,,,,,,,,,,,
Seq_422_LinJ.15|src_c15.210,,,,,,,,,,,,,,,,,,,,,,,,,,,,,,,,,,,,,,,,,
Seq_427_LinJ.15|src_c15.230F,,,,,,,,,,,,,,,,,,,,,,,,,,,,,,,,,,,,,,,,,
Seq_430_LinJ.16|src_c16.20A,,,,,,,,,,,,,,,,,,,,,,,,,,,,,,,,,,,,,,,,,
Seq_434_LinJ.16|src_c16.70,,,,,,,,,,,,,,,,,,,,,,,,,,,,,,,,,,,,,,,,,
Seq_437_LinJ.16|src_c16.80B,,,,,,,,,,,,,,,,,,,,,,,,,,,,,,,,,,,,,,,,,
Seq_438_LinJ.16|src_c16.110,,,,,,,,,,,,,,,,,,,,,,,,,,,,,,,,,,,,,,,,,
Seq_444_LinJ.16|src_c16.170,,,,,,,,,,,,,,,,,,,,,,,,,,,,,,,,,,,,,,,,,
Seq_445_LinJ.16|src_c16.180,,,,,,,,,,,,,,,,,,,,,,,,,,,,,,,,,,,,,,,,,
Seq_447_LinJ.16|src_c16.200D,,,,,,,,,,,,,,,,,,,,,,,,,,,,,,,,,,,,,,,,,
Seq_448_LinJ.16|src_c16.210E,,,,,,,,,,,,,,,,,,,,,,,,,,,,,,,,,,,,,,,,,
Seq_457_LinJ.16|src_c16.300,,,,,,,,,,,,,,,,,,,,,,,,,,,,,,,,,,,,,,,,,
Seq_458_LinJ.16|src_c16.310,,,,,,,,,,,,,,,,,,,,,,,,,,,,,,,,,,,,,,,,,
Seq_459_LinJ.16|src_c16.320,,,,,,,,,,,,,,,,,,,,,,,,,,,,,,,,,,,,,,,,,
Seq_461_LinJ.16|src_c16.340,,,,,,,,,,,,,,,,,,,,,,,,,,,,,,,,,,,,,,,,,
Seq_467_LinJ.16|src_c16.370F,,,,,,,,,,,,,,,,,,,,,,,,,,,,,,,,,,,,,,,,,
Seq_465_LinJ.16|src_c16.380,,,,,,,,,,,,,,,,,,,,,,,,,,,,,,,,,,,,,,,,,
Seq_469_LinJ.17|src_c17.10,,,,,,,,,,,,,,,,,,,,,,,,,,,,,,,,,,,,,,,,,
Seq_470_LinJ.17|src_c17.20A,,,,,,,,,,,,,,,,,,,,,,,,,,,,,,,,,,,,,,,,,
Seq_480_LinJ.17|src_c17.60B,,,,,,,,,,,,,,,,,,,,,,,,,,,,,,,,,,,,,,,,,
Seq_482_LinJ.17|src_c17.140,,,,,,,,,,,,,,,,,,,,,,,,,,,,,,,,,,,,,,,,,
Seq_483_LinJ.17|src_c17.150,,,,,,,,,,,,,,,,,,,,,,,,,,,,,,,,,,,,,,,,,
Seq_485_LinJ.17|src_c17.170,,,,,,,,,,,,,,,,,,,,,,,,,,,,,,,,,,,,,,,,,
Seq_486_LinJ.17|src_c17.180,,,,,,,,,,,,,,,,,,,,,,,,,,,,,,,,,,,,,,,,,
Seq_487_LinJ.17|src_c17.190,,,,,,,,,,,,,,,,,,,,,,,,,,,,,,,,,,,,,,,,,
Seq_496_LinJ.17|src_c17.200C,,,,,,,,,,,,,,,,,,,,,,,,,,,,,,,,,,,,,,,,,
Seq_497_LinJ.17|src_c17.290,,,,,,,,,,,,,,,,,,,,,,,,,,,,,,,,,,,,,,,,,
Seq_498_LinJ.17|src_c17.300,,,,,,,,,,,,,,,,,,,,,,,,,,,,,,,,,,,,,,,,,
Seq_500_LinJ.17|src_c17.320,,,,,,,,,,,,,,,,,,,,,,,,,,,,,,,,,,,,,,,,,
Seq_502_LinJ.17|src_c17.340,,,,,,,,,,,,,,,,,,,,,,,,,,,,,,,,,,,,,,,,,
Seq_518_LinJ.17|src_c17.350D,,,,,,,,,,,,,,,,,,,,,,,,,,,,,,,,,,,,,,,,,
Seq_385_LinJ.14|src_c14.260,Seq_504_LinJ.17|src_c17.360,Seq_1187_LinJ.29|src_c29.380,Seq_1477_LinJ.32|src_c32.20,Seq_1638_LinJ.33|src_c33.690,Seq_1704_LinJ.34|src_c34.230,,,,,,,,,,,,,,,,,,,,,,,,,,,,,,,,,,,,
Seq_506_LinJ.17|src_c17.380,,,,,,,,,,,,,,,,,,,,,,,,,,,,,,,,,,,,,,,,,
Seq_519_LinJ.17|src_c17.510,Seq_2040_LinJ.36|src_c36.670R,,,,,,,,,,,,,,,,,,,,,,,,,,,,,,,,,,,,,,,,
Seq_520_LinJ.17|src_c17.390E,,,,,,,,,,,,,,,,,,,,,,,,,,,,,,,,,,,,,,,,,
Seq_527_LinJ.18|src_c18.10A,,,,,,,,,,,,,,,,,,,,,,,,,,,,,,,,,,,,,,,,,
Seq_523_LinJ.18|src_c18.20B,,,,,,,,,,,,,,,,,,,,,,,,,,,,,,,,,,,,,,,,,
Seq_532_LinJ.18|src_c18.30C,,,,,,,,,,,,,,,,,,,,,,,,,,,,,,,,,,,,,,,,,
Seq_533_LinJ.18|src_c18.120,,,,,,,,,,,,,,,,,,,,,,,,,,,,,,,,,,,,,,,,,
Seq_535_LinJ.18|src_c18.140D,,,,,,,,,,,,,,,,,,,,,,,,,,,,,,,,,,,,,,,,,
Seq_536_LinJ.18|src_c18.150,,,,,,,,,,,,,,,,,,,,,,,,,,,,,,,,,,,,,,,,,
Seq_537_LinJ.18|src_c18.160E,,,,,,,,,,,,,,,,,,,,,,,,,,,,,,,,,,,,,,,,,
Seq_541_LinJ.18|src_c18.200,,,,,,,,,,,,,,,,,,,,,,,,,,,,,,,,,,,,,,,,,
Seq_545_LinJ.18|src_c18.240,,,,,,,,,,,,,,,,,,,,,,,,,,,,,,,,,,,,,,,,,
Seq_546_LinJ.18|src_c18.180F,,,,,,,,,,,,,,,,,,,,,,,,,,,,,,,,,,,,,,,,,
Seq_547_LinJ.18|src_c18.260G,,,,,,,,,,,,,,,,,,,,,,,,,,,,,,,,,,,,,,,,,
Seq_549_LinJ.18|src_c18.280,,,,,,,,,,,,,,,,,,,,,,,,,,,,,,,,,,,,,,,,,
Seq_550_LinJ.18|src_c18.290H,,,,,,,,,,,,,,,,,,,,,,,,,,,,,,,,,,,,,,,,,
Seq_552_LinJ.18|src_c18.310,,,,,,,,,,,,,,,,,,,,,,,,,,,,,,,,,,,,,,,,,
Seq_553_LinJ.18|src_c18.320J,,,,,,,,,,,,,,,,,,,,,,,,,,,,,,,,,,,,,,,,,
Seq_563_LinJ.18|src_c18.380K,,,,,,,,,,,,,,,,,,,,,,,,,,,,,,,,,,,,,,,,,
Seq_568_LinJ.18|src_c18.390L,,,,,,,,,,,,,,,,,,,,,,,,,,,,,,,,,,,,,,,,,
Seq_580_LinJ.18|src_c18.500M,,,,,,,,,,,,,,,,,,,,,,,,,,,,,,,,,,,,,,,,,
Seq_572_LinJ.18|src_c18.510N,Seq_2075_LinJ.36|src_c36.1020,,,,,,,,,,,,,,,,,,,,,,,,,,,,,,,,,,,,,,,,
Seq_588_LinJ.19|src_c19.10A,,,,,,,,,,,,,,,,,,,,,,,,,,,,,,,,,,,,,,,,,
Seq_586_LinJ.19|src_c19.50B,,,,,,,,,,,,,,,,,,,,,,,,,,,,,,,,,,,,,,,,,
Seq_592_LinJ.19|src_c19.100C,,,,,,,,,,,,,,,,,,,,,,,,,,,,,,,,,,,,,,,,,
Seq_601_LinJ.19|src_c19.170D,,,,,,,,,,,,,,,,,,,,,,,,,,,,,,,,,,,,,,,,,
Seq_599_LinJ.19|src_c19.90E,,,,,,,,,,,,,,,,,,,,,,,,,,,,,,,,,,,,,,,,,
Seq_635_LinJ.19|src_c19.230F,,,,,,,,,,,,,,,,,,,,,,,,,,,,,,,,,,,,,,,,,
Seq_605_LinJ.19|src_c19.240,,,,,,,,,,,,,,,,,,,,,,,,,,,,,,,,,,,,,,,,,
Seq_608_LinJ.19|src_c19.270,,,,,,,,,,,,,,,,,,,,,,,,,,,,,,,,,,,,,,,,,
Seq_609_LinJ.19|src_c19.280G,,,,,,,,,,,,,,,,,,,,,,,,,,,,,,,,,,,,,,,,,
Seq_619_LinJ.19|src_c19.330H,,,,,,,,,,,,,,,,,,,,,,,,,,,,,,,,,,,,,,,,,
Seq_616_LinJ.19|src_c19.350,,,,,,,,,,,,,,,,,,,,,,,,,,,,,,,,,,,,,,,,,
Seq_625_LinJ.19|src_c19.410I,,,,,,,,,,,,,,,,,,,,,,,,,,,,,,,,,,,,,,,,,
Seq_624_LinJ.19|src_c19.430J,,,,,,,,,,,,,,,,,,,,,,,,,,,,,,,,,,,,,,,,,
Seq_628_LinJ.19|src_c19.460K,Seq_728_LinJ.22|src_c22.70,,,,,,,,,,,,,,,,,,,,,,,,,,,,,,,,,,,,,,,,
Seq_639_LinJ.20|src_c20.20A,,,,,,,,,,,,,,,,,,,,,,,,,,,,,,,,,,,,,,,,,
Seq_641_LinJ.20|src_c20.60,,,,,,,,,,,,,,,,,,,,,,,,,,,,,,,,,,,,,,,,,
Seq_642_LinJ.20|src_c20.70,,,,,,,,,,,,,,,,,,,,,,,,,,,,,,,,,,,,,,,,,
Seq_647_LinJ.20|src_c20.80B,,,,,,,,,,,,,,,,,,,,,,,,,,,,,,,,,,,,,,,,,
Seq_648_LinJ.20|src_c20.130,,,,,,,,,,,,,,,,,,,,,,,,,,,,,,,,,,,,,,,,,
Seq_654_LinJ.20|src_c20.150C,,,,,,,,,,,,,,,,,,,,,,,,,,,,,,,,,,,,,,,,,
Seq_651_LinJ.20|src_c20.160,,,,,,,,,,,,,,,,,,,,,,,,,,,,,,,,,,,,,,,,,
Seq_655_LinJ.20|src_c20.200,,,,,,,,,,,,,,,,,,,,,,,,,,,,,,,,,,,,,,,,,
Seq_661_LinJ.20|src_c20.230E,,,,,,,,,,,,,,,,,,,,,,,,,,,,,,,,,,,,,,,,,
Seq_660_LinJ.20|src_c20.250,,,,,,,,,,,,,,,,,,,,,,,,,,,,,,,,,,,,,,,,,
Seq_671_LinJ.20|src_c20.220F,,,,,,,,,,,,,,,,,,,,,,,,,,,,,,,,,,,,,,,,,
Seq_670_LinJ.20|src_c20.350,,,,,,,,,,,,,,,,,,,,,,,,,,,,,,,,,,,,,,,,,
Seq_672_LinJ.20|src_c20.370G,,,,,,,,,,,,,,,,,,,,,,,,,,,,,,,,,,,,,,,,,
Seq_676_LinJ.20|src_c20.390H,,,,,,,,,,,,,,,,,,,,,,,,,,,,,,,,,,,,,,,,,
Seq_677_LinJ.20|src_c20.420,,,,,,,,,,,,,,,,,,,,,,,,,,,,,,,,,,,,,,,,,
Seq_678_LinJ.20|src_c20.430,,,,,,,,,,,,,,,,,,,,,,,,,,,,,,,,,,,,,,,,,
Seq_680_LinJ.21|src_c21.20,,,,,,,,,,,,,,,,,,,,,,,,,,,,,,,,,,,,,,,,,
Seq_681_LinJ.21|src_c21.30,,,,,,,,,,,,,,,,,,,,,,,,,,,,,,,,,,,,,,,,,
Seq_682_LinJ.21|src_c21.40,,,,,,,,,,,,,,,,,,,,,,,,,,,,,,,,,,,,,,,,,
Seq_683_LinJ.21|src_c21.50,,,,,,,,,,,,,,,,,,,,,,,,,,,,,,,,,,,,,,,,,
Seq_684_LinJ.21|src_c21.60,,,,,,,,,,,,,,,,,,,,,,,,,,,,,,,,,,,,,,,,,
Seq_695_LinJ.21|src_c21.70A,,,,,,,,,,,,,,,,,,,,,,,,,,,,,,,,,,,,,,,,,
Seq_1031_LinJ.27|src_c27.200B,Seq_1099_LinJ.28|src_c28.70,Seq_1100_LinJ.28|src_c28.80,Seq_1332_LinJ.30|src_c30.630,Seq_1333_LinJ.30|src_c30.440L,Seq_1462_LinJ.31|src_c31.930,Seq_1548_LinJ.32|src_c32.730Q,Seq_1563_LinJ.32|src_c32.870T,Seq_1667_LinJ.33|src_c33.980,Seq_1742_LinJ.34|src_c34.580H,Seq_1821_LinJ.34|src_c34.540G,Seq_1865_LinJ.35|src_c35.100I,Seq_1942_LinJ.35|src_c35.1090,Seq_2010_LinJ.36|src_c36.320I,Seq_2011_LinJ.36|src_c36.380,Seq_2033_LinJ.36|src_c36.600O,Seq_653_LinJ.20|src_c20.140D,Seq_701_LinJ.21|src_c21.230,Seq_812_LinJ.23|src_c23.310H,,,,,,,,,,,,,,,,,,,,,,,
Seq_702_LinJ.21|src_c21.240C,,,,,,,,,,,,,,,,,,,,,,,,,,,,,,,,,,,,,,,,,
Seq_710_LinJ.21|src_c21.320D,,,,,,,,,,,,,,,,,,,,,,,,,,,,,,,,,,,,,,,,,
Seq_717_LinJ.21|src_c21.330E,,,,,,,,,,,,,,,,,,,,,,,,,,,,,,,,,,,,,,,,,
Seq_712_LinJ.21|src_c21.340,,,,,,,,,,,,,,,,,,,,,,,,,,,,,,,,,,,,,,,,,
Seq_718_LinJ.21|src_c21.350F,,,,,,,,,,,,,,,,,,,,,,,,,,,,,,,,,,,,,,,,,
Seq_719_LinJ.21|src_c21.410G,,,,,,,,,,,,,,,,,,,,,,,,,,,,,,,,,,,,,,,,,
Seq_724_LinJ.22|src_c22.30,,,,,,,,,,,,,,,,,,,,,,,,,,,,,,,,,,,,,,,,,
Seq_725_LinJ.22|src_c22.40,,,,,,,,,,,,,,,,,,,,,,,,,,,,,,,,,,,,,,,,,
Seq_729_LinJ.22|src_c22.50A,,,,,,,,,,,,,,,,,,,,,,,,,,,,,,,,,,,,,,,,,
Seq_727_LinJ.22|src_c22.60,,,,,,,,,,,,,,,,,,,,,,,,,,,,,,,,,,,,,,,,,
Seq_730_LinJ.22|src_c22.90,,,,,,,,,,,,,,,,,,,,,,,,,,,,,,,,,,,,,,,,,
Seq_732_LinJ.22|src_c22.110B,,,,,,,,,,,,,,,,,,,,,,,,,,,,,,,,,,,,,,,,,
Seq_736_LinJ.22|src_c22.150C,,,,,,,,,,,,,,,,,,,,,,,,,,,,,,,,,,,,,,,,,
Seq_759_LinJ.22|src_c22.140D,,,,,,,,,,,,,,,,,,,,,,,,,,,,,,,,,,,,,,,,,
Seq_749_LinJ.22|src_c22.180E,Seq_963_LinJ.26|src_c26.80,,,,,,,,,,,,,,,,,,,,,,,,,,,,,,,,,,,,,,,,
Seq_750_LinJ.22|src_c22.270F,,,,,,,,,,,,,,,,,,,,,,,,,,,,,,,,,,,,,,,,,
Seq_755_LinJ.22|src_c22.340,,,,,,,,,,,,,,,,,,,,,,,,,,,,,,,,,,,,,,,,,
Seq_756_LinJ.22|src_c22.350,,,,,,,,,,,,,,,,,,,,,,,,,,,,,,,,,,,,,,,,,
Seq_761_LinJ.22|src_c22.400,,,,,,,,,,,,,,,,,,,,,,,,,,,,,,,,,,,,,,,,,
Seq_762_LinJ.22|src_c22.410,,,,,,,,,,,,,,,,,,,,,,,,,,,,,,,,,,,,,,,,,
Seq_766_LinJ.22|src_c22.450,,,,,,,,,,,,,,,,,,,,,,,,,,,,,,,,,,,,,,,,,
Seq_770_LinJ.22|src_c22.460G,,,,,,,,,,,,,,,,,,,,,,,,,,,,,,,,,,,,,,,,,
Seq_769_LinJ.22|src_c22.480H,,,,,,,,,,,,,,,,,,,,,,,,,,,,,,,,,,,,,,,,,
Seq_771_LinJ.22|src_c22.500I,,,,,,,,,,,,,,,,,,,,,,,,,,,,,,,,,,,,,,,,,
Seq_772_LinJ.22|src_c22.510,,,,,,,,,,,,,,,,,,,,,,,,,,,,,,,,,,,,,,,,,
Seq_776_LinJ.22|src_c22.530J,,,,,,,,,,,,,,,,,,,,,,,,,,,,,,,,,,,,,,,,,
Seq_779_LinJ.22|src_c22.580,,,,,,,,,,,,,,,,,,,,,,,,,,,,,,,,,,,,,,,,,
Seq_780_LinJ.22|src_c22.590,,,,,,,,,,,,,,,,,,,,,,,,,,,,,,,,,,,,,,,,,
Seq_781_LinJ.22|src_c22.600,,,,,,,,,,,,,,,,,,,,,,,,,,,,,,,,,,,,,,,,,
Seq_783_LinJ.23|src_c23.20,,,,,,,,,,,,,,,,,,,,,,,,,,,,,,,,,,,,,,,,,
Seq_785_LinJ.23|src_c23.40,,,,,,,,,,,,,,,,,,,,,,,,,,,,,,,,,,,,,,,,,
Seq_790_LinJ.23|src_c23.50B,,,,,,,,,,,,,,,,,,,,,,,,,,,,,,,,,,,,,,,,,
Seq_789_LinJ.23|src_c23.60C,,,,,,,,,,,,,,,,,,,,,,,,,,,,,,,,,,,,,,,,,
Seq_791_LinJ.23|src_c23.100D,Seq_1860_LinJ.35|src_c35.210E,,,,,,,,,,,,,,,,,,,,,,,,,,,,,,,,,,,,,,,,
Seq_797_LinJ.23|src_c23.150E,,,,,,,,,,,,,,,,,,,,,,,,,,,,,,,,,,,,,,,,,
Seq_809_LinJ.23|src_c23.180F,,,,,,,,,,,,,,,,,,,,,,,,,,,,,,,,,,,,,,,,,
Seq_800_LinJ.23|src_c23.190,,,,,,,,,,,,,,,,,,,,,,,,,,,,,,,,,,,,,,,,,
Seq_802_LinJ.23|src_c23.210,,,,,,,,,,,,,,,,,,,,,,,,,,,,,,,,,,,,,,,,,
Seq_813_LinJ.23|src_c23.300G,,,,,,,,,,,,,,,,,,,,,,,,,,,,,,,,,,,,,,,,,
Seq_814_LinJ.23|src_c23.330,,,,,,,,,,,,,,,,,,,,,,,,,,,,,,,,,,,,,,,,,
Seq_815_LinJ.23|src_c23.340,Seq_919_LinJ.25|src_c25.20B,,,,,,,,,,,,,,,,,,,,,,,,,,,,,,,,,,,,,,,,
Seq_818_LinJ.23|src_c23.350I,,,,,,,,,,,,,,,,,,,,,,,,,,,,,,,,,,,,,,,,,
Seq_819_LinJ.23|src_c23.380,,,,,,,,,,,,,,,,,,,,,,,,,,,,,,,,,,,,,,,,,
Seq_820_LinJ.23|src_c23.390J,,,,,,,,,,,,,,,,,,,,,,,,,,,,,,,,,,,,,,,,,
Seq_826_LinJ.23|src_c23.410K,,,,,,,,,,,,,,,,,,,,,,,,,,,,,,,,,,,,,,,,,
Seq_835_LinJ.23|src_c23.520L,,,,,,,,,,,,,,,,,,,,,,,,,,,,,,,,,,,,,,,,,
Seq_843_LinJ.23|src_c23.620,,,,,,,,,,,,,,,,,,,,,,,,,,,,,,,,,,,,,,,,,
Seq_844_LinJ.23|src_c23.630M,,,,,,,,,,,,,,,,,,,,,,,,,,,,,,,,,,,,,,,,,
Seq_847_LinJ.23|src_c23.660N,,,,,,,,,,,,,,,,,,,,,,,,,,,,,,,,,,,,,,,,,
Seq_851_LinJ.23|src_c23.670O,,,,,,,,,,,,,,,,,,,,,,,,,,,,,,,,,,,,,,,,,
Seq_849_LinJ.23|src_c23.680,,,,,,,,,,,,,,,,,,,,,,,,,,,,,,,,,,,,,,,,,
Seq_853_LinJ.23|src_c23.720,,,,,,,,,,,,,,,,,,,,,,,,,,,,,,,,,,,,,,,,,
Seq_856_LinJ.24|src_c24.20A,,,,,,,,,,,,,,,,,,,,,,,,,,,,,,,,,,,,,,,,,
Seq_858_LinJ.24|src_c24.40B,,,,,,,,,,,,,,,,,,,,,,,,,,,,,,,,,,,,,,,,,
Seq_861_LinJ.24|src_c24.50C,,,,,,,,,,,,,,,,,,,,,,,,,,,,,,,,,,,,,,,,,
Seq_860_LinJ.24|src_c24.60,,,,,,,,,,,,,,,,,,,,,,,,,,,,,,,,,,,,,,,,,
Seq_863_LinJ.24|src_c24.90,,,,,,,,,,,,,,,,,,,,,,,,,,,,,,,,,,,,,,,,,
Seq_869_LinJ.24|src_c24.150,,,,,,,,,,,,,,,,,,,,,,,,,,,,,,,,,,,,,,,,,
Seq_871_LinJ.24|src_c24.170,,,,,,,,,,,,,,,,,,,,,,,,,,,,,,,,,,,,,,,,,
Seq_874_LinJ.24|src_c24.180E,,,,,,,,,,,,,,,,,,,,,,,,,,,,,,,,,,,,,,,,,
Seq_879_LinJ.24|src_c24.220F,,,,,,,,,,,,,,,,,,,,,,,,,,,,,,,,,,,,,,,,,
Seq_888_LinJ.24|src_c24.340,,,,,,,,,,,,,,,,,,,,,,,,,,,,,,,,,,,,,,,,,
Seq_891_LinJ.24|src_c24.370,,,,,,,,,,,,,,,,,,,,,,,,,,,,,,,,,,,,,,,,,
Seq_895_LinJ.24|src_c24.410,,,,,,,,,,,,,,,,,,,,,,,,,,,,,,,,,,,,,,,,,
Seq_896_LinJ.24|src_c24.420G,,,,,,,,,,,,,,,,,,,,,,,,,,,,,,,,,,,,,,,,,
Seq_902_LinJ.24|src_c24.430H,,,,,,,,,,,,,,,,,,,,,,,,,,,,,,,,,,,,,,,,,
Seq_901_LinJ.24|src_c24.470I,,,,,,,,,,,,,,,,,,,,,,,,,,,,,,,,,,,,,,,,,
Seq_904_LinJ.24|src_c24.500,,,,,,,,,,,,,,,,,,,,,,,,,,,,,,,,,,,,,,,,,
Seq_913_LinJ.24|src_c24.550K,,,,,,,,,,,,,,,,,,,,,,,,,,,,,,,,,,,,,,,,,
Seq_914_LinJ.25|src_c25.10A,,,,,,,,,,,,,,,,,,,,,,,,,,,,,,,,,,,,,,,,,
Seq_917_LinJ.25|src_c25.40,,,,,,,,,,,,,,,,,,,,,,,,,,,,,,,,,,,,,,,,,
Seq_922_LinJ.25|src_c25.90C,,,,,,,,,,,,,,,,,,,,,,,,,,,,,,,,,,,,,,,,,
Seq_925_LinJ.25|src_c25.120,,,,,,,,,,,,,,,,,,,,,,,,,,,,,,,,,,,,,,,,,
Seq_927_LinJ.25|src_c25.130D,,,,,,,,,,,,,,,,,,,,,,,,,,,,,,,,,,,,,,,,,
Seq_928_LinJ.25|src_c25.150,,,,,,,,,,,,,,,,,,,,,,,,,,,,,,,,,,,,,,,,,
Seq_929_LinJ.25|src_c25.160,,,,,,,,,,,,,,,,,,,,,,,,,,,,,,,,,,,,,,,,,
Seq_931_LinJ.25|src_c25.170E,,,,,,,,,,,,,,,,,,,,,,,,,,,,,,,,,,,,,,,,,
Seq_932_LinJ.25|src_c25.190F,,,,,,,,,,,,,,,,,,,,,,,,,,,,,,,,,,,,,,,,,
Seq_937_LinJ.25|src_c25.200G,,,,,,,,,,,,,,,,,,,,,,,,,,,,,,,,,,,,,,,,,
Seq_939_LinJ.25|src_c25.260,,,,,,,,,,,,,,,,,,,,,,,,,,,,,,,,,,,,,,,,,
Seq_943_LinJ.25|src_c25.300H,,,,,,,,,,,,,,,,,,,,,,,,,,,,,,,,,,,,,,,,,
Seq_949_LinJ.25|src_c25.320I,,,,,,,,,,,,,,,,,,,,,,,,,,,,,,,,,,,,,,,,,
Seq_946_LinJ.25|src_c25.330J,,,,,,,,,,,,,,,,,,,,,,,,,,,,,,,,,,,,,,,,,
Seq_952_LinJ.25|src_c25.390K,,,,,,,,,,,,,,,,,,,,,,,,,,,,,,,,,,,,,,,,,
Seq_958_LinJ.26|src_c26.20B,,,,,,,,,,,,,,,,,,,,,,,,,,,,,,,,,,,,,,,,,
Seq_964_LinJ.26|src_c26.90,,,,,,,,,,,,,,,,,,,,,,,,,,,,,,,,,,,,,,,,,
Seq_971_LinJ.26|src_c26.120C,,,,,,,,,,,,,,,,,,,,,,,,,,,,,,,,,,,,,,,,,
Seq_973_LinJ.26|src_c26.180,,,,,,,,,,,,,,,,,,,,,,,,,,,,,,,,,,,,,,,,,
Seq_984_LinJ.26|src_c26.190D,,,,,,,,,,,,,,,,,,,,,,,,,,,,,,,,,,,,,,,,,
Seq_976_LinJ.26|src_c26.210E,,,,,,,,,,,,,,,,,,,,,,,,,,,,,,,,,,,,,,,,,
Seq_977_LinJ.26|src_c26.220,,,,,,,,,,,,,,,,,,,,,,,,,,,,,,,,,,,,,,,,,
Seq_983_LinJ.26|src_c26.280,,,,,,,,,,,,,,,,,,,,,,,,,,,,,,,,,,,,,,,,,
Seq_986_LinJ.26|src_c26.310F,,,,,,,,,,,,,,,,,,,,,,,,,,,,,,,,,,,,,,,,,
Seq_987_LinJ.26|src_c26.320,,,,,,,,,,,,,,,,,,,,,,,,,,,,,,,,,,,,,,,,,
Seq_992_LinJ.26|src_c26.370G,,,,,,,,,,,,,,,,,,,,,,,,,,,,,,,,,,,,,,,,,
Seq_993_LinJ.26|src_c26.380,,,,,,,,,,,,,,,,,,,,,,,,,,,,,,,,,,,,,,,,,
Seq_994_LinJ.26|src_c26.390,,,,,,,,,,,,,,,,,,,,,,,,,,,,,,,,,,,,,,,,,
Seq_998_LinJ.26|src_c26.400H,,,,,,,,,,,,,,,,,,,,,,,,,,,,,,,,,,,,,,,,,
Seq_996_LinJ.26|src_c26.410,,,,,,,,,,,,,,,,,,,,,,,,,,,,,,,,,,,,,,,,,
Seq_997_LinJ.26|src_c26.420I,,,,,,,,,,,,,,,,,,,,,,,,,,,,,,,,,,,,,,,,,
Seq_1001_LinJ.26|src_c26.460,,,,,,,,,,,,,,,,,,,,,,,,,,,,,,,,,,,,,,,,,
Seq_1007_LinJ.26|src_c26.470J,,,,,,,,,,,,,,,,,,,,,,,,,,,,,,,,,,,,,,,,,
Seq_1008_LinJ.26|src_c26.480K,,,,,,,,,,,,,,,,,,,,,,,,,,,,,,,,,,,,,,,,,
Seq_1009_LinJ.26|src_c26.490L,,,,,,,,,,,,,,,,,,,,,,,,,,,,,,,,,,,,,,,,,
Seq_1016_LinJ.27|src_c27.20A,,,,,,,,,,,,,,,,,,,,,,,,,,,,,,,,,,,,,,,,,
Seq_1019_LinJ.27|src_c27.80,,,,,,,,,,,,,,,,,,,,,,,,,,,,,,,,,,,,,,,,,
Seq_1020_LinJ.27|src_c27.90,,,,,,,,,,,,,,,,,,,,,,,,,,,,,,,,,,,,,,,,,
Seq_1028_LinJ.27|src_c27.170,,,,,,,,,,,,,,,,,,,,,,,,,,,,,,,,,,,,,,,,,
Seq_1029_LinJ.27|src_c27.180,Seq_1542_LinJ.32|src_c32.600M,,,,,,,,,,,,,,,,,,,,,,,,,,,,,,,,,,,,,,,,
Seq_1030_LinJ.27|src_c27.190,,,,,,,,,,,,,,,,,,,,,,,,,,,,,,,,,,,,,,,,,
Seq_1032_LinJ.27|src_c27.210C,,,,,,,,,,,,,,,,,,,,,,,,,,,,,,,,,,,,,,,,,
Seq_1033_LinJ.27|src_c27.220,,,,,,,,,,,,,,,,,,,,,,,,,,,,,,,,,,,,,,,,,
Seq_1034_LinJ.27|src_c27.230,,,,,,,,,,,,,,,,,,,,,,,,,,,,,,,,,,,,,,,,,
Seq_1035_LinJ.27|src_c27.240,,,,,,,,,,,,,,,,,,,,,,,,,,,,,,,,,,,,,,,,,
Seq_1039_LinJ.27|src_c27.280,,,,,,,,,,,,,,,,,,,,,,,,,,,,,,,,,,,,,,,,,
Seq_1041_LinJ.27|src_c27.290D,,,,,,,,,,,,,,,,,,,,,,,,,,,,,,,,,,,,,,,,,
Seq_1052_LinJ.27|src_c27.320E,,,,,,,,,,,,,,,,,,,,,,,,,,,,,,,,,,,,,,,,,
Seq_1050_LinJ.27|src_c27.330F,,,,,,,,,,,,,,,,,,,,,,,,,,,,,,,,,,,,,,,,,
Seq_1047_LinJ.27|src_c27.360,,,,,,,,,,,,,,,,,,,,,,,,,,,,,,,,,,,,,,,,,
Seq_1057_LinJ.27|src_c27.460,,,,,,,,,,,,,,,,,,,,,,,,,,,,,,,,,,,,,,,,,
Seq_1059_LinJ.27|src_c27.480H,,,,,,,,,,,,,,,,,,,,,,,,,,,,,,,,,,,,,,,,,
Seq_1062_LinJ.27|src_c27.500I,,,,,,,,,,,,,,,,,,,,,,,,,,,,,,,,,,,,,,,,,
Seq_1066_LinJ.27|src_c27.550,,,,,,,,,,,,,,,,,,,,,,,,,,,,,,,,,,,,,,,,,
Seq_1067_LinJ.27|src_c27.560J,,,,,,,,,,,,,,,,,,,,,,,,,,,,,,,,,,,,,,,,,
Seq_1068_LinJ.27|src_c27.570,,,,,,,,,,,,,,,,,,,,,,,,,,,,,,,,,,,,,,,,,
Seq_1078_LinJ.27|src_c27.620K,,,,,,,,,,,,,,,,,,,,,,,,,,,,,,,,,,,,,,,,,
Seq_1080_LinJ.27|src_c27.600M,,,,,,,,,,,,,,,,,,,,,,,,,,,,,,,,,,,,,,,,,
Seq_1082_LinJ.27|src_c27.700N,,,,,,,,,,,,,,,,,,,,,,,,,,,,,,,,,,,,,,,,,
Seq_1094_LinJ.28|src_c28.20,,,,,,,,,,,,,,,,,,,,,,,,,,,,,,,,,,,,,,,,,
Seq_1104_LinJ.28|src_c28.40A,,,,,,,,,,,,,,,,,,,,,,,,,,,,,,,,,,,,,,,,,
Seq_1097_LinJ.28|src_c28.50,,,,,,,,,,,,,,,,,,,,,,,,,,,,,,,,,,,,,,,,,
Seq_1106_LinJ.28|src_c28.140B,,,,,,,,,,,,,,,,,,,,,,,,,,,,,,,,,,,,,,,,,
Seq_1108_LinJ.28|src_c28.160,,,,,,,,,,,,,,,,,,,,,,,,,,,,,,,,,,,,,,,,,
Seq_1111_LinJ.28|src_c28.180C,,,,,,,,,,,,,,,,,,,,,,,,,,,,,,,,,,,,,,,,,
Seq_1117_LinJ.28|src_c28.200D,,,,,,,,,,,,,,,,,,,,,,,,,,,,,,,,,,,,,,,,,
Seq_1113_LinJ.28|src_c28.210,,,,,,,,,,,,,,,,,,,,,,,,,,,,,,,,,,,,,,,,,
Seq_1115_LinJ.28|src_c28.230,,,,,,,,,,,,,,,,,,,,,,,,,,,,,,,,,,,,,,,,,
Seq_1116_LinJ.28|src_c28.240,,,,,,,,,,,,,,,,,,,,,,,,,,,,,,,,,,,,,,,,,
Seq_1118_LinJ.28|src_c28.260,,,,,,,,,,,,,,,,,,,,,,,,,,,,,,,,,,,,,,,,,
Seq_1120_LinJ.28|src_c28.280E,,,,,,,,,,,,,,,,,,,,,,,,,,,,,,,,,,,,,,,,,
Seq_1122_LinJ.28|src_c28.300F,,,,,,,,,,,,,,,,,,,,,,,,,,,,,,,,,,,,,,,,,
Seq_1127_LinJ.28|src_c28.330G,,,,,,,,,,,,,,,,,,,,,,,,,,,,,,,,,,,,,,,,,
Seq_1129_LinJ.28|src_c28.370,,,,,,,,,,,,,,,,,,,,,,,,,,,,,,,,,,,,,,,,,
Seq_1143_LinJ.28|src_c28.380H,,,,,,,,,,,,,,,,,,,,,,,,,,,,,,,,,,,,,,,,,
Seq_1134_LinJ.28|src_c28.390I,Seq_1247_LinJ.29|src_c29.980,,,,,,,,,,,,,,,,,,,,,,,,,,,,,,,,,,,,,,,,
Seq_1137_LinJ.28|src_c28.450,,,,,,,,,,,,,,,,,,,,,,,,,,,,,,,,,,,,,,,,,
Seq_1140_LinJ.28|src_c28.480J,,,,,,,,,,,,,,,,,,,,,,,,,,,,,,,,,,,,,,,,,
Seq_1148_LinJ.28|src_c28.540K,,,,,,,,,,,,,,,,,,,,,,,,,,,,,,,,,,,,,,,,,
Seq_1147_LinJ.28|src_c28.550,,,,,,,,,,,,,,,,,,,,,,,,,,,,,,,,,,,,,,,,,
Seq_1153_LinJ.29|src_c29.20B,,,,,,,,,,,,,,,,,,,,,,,,,,,,,,,,,,,,,,,,,
Seq_1152_LinJ.29|src_c29.30C,,,,,,,,,,,,,,,,,,,,,,,,,,,,,,,,,,,,,,,,,
Seq_1157_LinJ.29|src_c29.80,,,,,,,,,,,,,,,,,,,,,,,,,,,,,,,,,,,,,,,,,
Seq_1170_LinJ.29|src_c29.120E,,,,,,,,,,,,,,,,,,,,,,,,,,,,,,,,,,,,,,,,,
Seq_1165_LinJ.29|src_c29.160,,,,,,,,,,,,,,,,,,,,,,,,,,,,,,,,,,,,,,,,,
Seq_1166_LinJ.29|src_c29.170,,,,,,,,,,,,,,,,,,,,,,,,,,,,,,,,,,,,,,,,,
Seq_1167_LinJ.29|src_c29.180,,,,,,,,,,,,,,,,,,,,,,,,,,,,,,,,,,,,,,,,,
Seq_1168_LinJ.29|src_c29.190,,,,,,,,,,,,,,,,,,,,,,,,,,,,,,,,,,,,,,,,,
Seq_1169_LinJ.29|src_c29.200,,,,,,,,,,,,,,,,,,,,,,,,,,,,,,,,,,,,,,,,,
Seq_1181_LinJ.29|src_c29.220F,,,,,,,,,,,,,,,,,,,,,,,,,,,,,,,,,,,,,,,,,
Seq_1173_LinJ.29|src_c29.230G,,,,,,,,,,,,,,,,,,,,,,,,,,,,,,,,,,,,,,,,,
Seq_1176_LinJ.29|src_c29.270,,,,,,,,,,,,,,,,,,,,,,,,,,,,,,,,,,,,,,,,,
Seq_1177_LinJ.29|src_c29.280H,,,,,,,,,,,,,,,,,,,,,,,,,,,,,,,,,,,,,,,,,
Seq_1180_LinJ.29|src_c29.310,,,,,,,,,,,,,,,,,,,,,,,,,,,,,,,,,,,,,,,,,
Seq_1183_LinJ.29|src_c29.340,,,,,,,,,,,,,,,,,,,,,,,,,,,,,,,,,,,,,,,,,
Seq_1188_LinJ.29|src_c29.390,,,,,,,,,,,,,,,,,,,,,,,,,,,,,,,,,,,,,,,,,
Seq_1189_LinJ.29|src_c29.400,,,,,,,,,,,,,,,,,,,,,,,,,,,,,,,,,,,,,,,,,
Seq_1208_LinJ.29|src_c29.70I,,,,,,,,,,,,,,,,,,,,,,,,,,,,,,,,,,,,,,,,,
Seq_1191_LinJ.29|src_c29.420,,,,,,,,,,,,,,,,,,,,,,,,,,,,,,,,,,,,,,,,,
Seq_1202_LinJ.29|src_c29.530,,,,,,,,,,,,,,,,,,,,,,,,,,,,,,,,,,,,,,,,,
Seq_1209_LinJ.29|src_c29.600,,,,,,,,,,,,,,,,,,,,,,,,,,,,,,,,,,,,,,,,,
Seq_1210_LinJ.29|src_c29.610K,,,,,,,,,,,,,,,,,,,,,,,,,,,,,,,,,,,,,,,,,
Seq_1218_LinJ.29|src_c29.690L,,,,,,,,,,,,,,,,,,,,,,,,,,,,,,,,,,,,,,,,,
Seq_1220_LinJ.29|src_c29.710,,,,,,,,,,,,,,,,,,,,,,,,,,,,,,,,,,,,,,,,,
Seq_1224_LinJ.29|src_c29.750,,,,,,,,,,,,,,,,,,,,,,,,,,,,,,,,,,,,,,,,,
Seq_1227_LinJ.29|src_c29.780,,,,,,,,,,,,,,,,,,,,,,,,,,,,,,,,,,,,,,,,,
Seq_1228_LinJ.29|src_c29.790,,,,,,,,,,,,,,,,,,,,,,,,,,,,,,,,,,,,,,,,,
Seq_1230_LinJ.29|src_c29.810N,,,,,,,,,,,,,,,,,,,,,,,,,,,,,,,,,,,,,,,,,
Seq_1231_LinJ.29|src_c29.820O,,,,,,,,,,,,,,,,,,,,,,,,,,,,,,,,,,,,,,,,,
Seq_1248_LinJ.29|src_c29.920P,,,,,,,,,,,,,,,,,,,,,,,,,,,,,,,,,,,,,,,,,
Seq_1245_LinJ.29|src_c29.960,,,,,,,,,,,,,,,,,,,,,,,,,,,,,,,,,,,,,,,,,
Seq_1259_LinJ.29|src_c29.1070Q,,,,,,,,,,,,,,,,,,,,,,,,,,,,,,,,,,,,,,,,,
Seq_1257_LinJ.29|src_c29.1080,,,,,,,,,,,,,,,,,,,,,,,,,,,,,,,,,,,,,,,,,
Seq_1261_LinJ.29|src_c29.1120R,,,,,,,,,,,,,,,,,,,,,,,,,,,,,,,,,,,,,,,,,
Seq_1271_LinJ.30|src_c30.20,,,,,,,,,,,,,,,,,,,,,,,,,,,,,,,,,,,,,,,,,
Seq_1278_LinJ.30|src_c30.80B,,,,,,,,,,,,,,,,,,,,,,,,,,,,,,,,,,,,,,,,,
Seq_1281_LinJ.30|src_c30.120,,,,,,,,,,,,,,,,,,,,,,,,,,,,,,,,,,,,,,,,,
Seq_1282_LinJ.30|src_c30.130C,,,,,,,,,,,,,,,,,,,,,,,,,,,,,,,,,,,,,,,,,
Seq_1287_LinJ.30|src_c30.180D,,,,,,,,,,,,,,,,,,,,,,,,,,,,,,,,,,,,,,,,,
Seq_1294_LinJ.30|src_c30.190E,,,,,,,,,,,,,,,,,,,,,,,,,,,,,,,,,,,,,,,,,
Seq_1295_LinJ.30|src_c30.260F,Seq_1613_LinJ.33|src_c33.440,,,,,,,,,,,,,,,,,,,,,,,,,,,,,,,,,,,,,,,,
Seq_1296_LinJ.30|src_c30.270G,,,,,,,,,,,,,,,,,,,,,,,,,,,,,,,,,,,,,,,,,
Seq_1307_LinJ.30|src_c30.240I,,,,,,,,,,,,,,,,,,,,,,,,,,,,,,,,,,,,,,,,,
Seq_1311_LinJ.30|src_c30.410J,,,,,,,,,,,,,,,,,,,,,,,,,,,,,,,,,,,,,,,,,
Seq_1318_LinJ.30|src_c30.490K,,,,,,,,,,,,,,,,,,,,,,,,,,,,,,,,,,,,,,,,,
Seq_1319_LinJ.30|src_c30.500,,,,,,,,,,,,,,,,,,,,,,,,,,,,,,,,,,,,,,,,,
Seq_1322_LinJ.30|src_c30.530,,,,,,,,,,,,,,,,,,,,,,,,,,,,,,,,,,,,,,,,,
Seq_1327_LinJ.30|src_c30.580,,,,,,,,,,,,,,,,,,,,,,,,,,,,,,,,,,,,,,,,,
Seq_1330_LinJ.30|src_c30.610,,,,,,,,,,,,,,,,,,,,,,,,,,,,,,,,,,,,,,,,,
Seq_1331_LinJ.30|src_c30.620,,,,,,,,,,,,,,,,,,,,,,,,,,,,,,,,,,,,,,,,,
Seq_1336_LinJ.30|src_c30.670M,,,,,,,,,,,,,,,,,,,,,,,,,,,,,,,,,,,,,,,,,
Seq_1338_LinJ.30|src_c30.690N,Seq_1886_LinJ.35|src_c35.520O,Seq_2020_LinJ.36|src_c36.410L,,,,,,,,,,,,,,,,,,,,,,,,,,,,,,,,,,,,,,,
Seq_1339_LinJ.30|src_c30.700,,,,,,,,,,,,,,,,,,,,,,,,,,,,,,,,,,,,,,,,,
Seq_1350_LinJ.30|src_c30.710O,,,,,,,,,,,,,,,,,,,,,,,,,,,,,,,,,,,,,,,,,
Seq_1368_LinJ.30|src_c30.720P,,,,,,,,,,,,,,,,,,,,,,,,,,,,,,,,,,,,,,,,,
Seq_1343_LinJ.30|src_c30.740,,,,,,,,,,,,,,,,,,,,,,,,,,,,,,,,,,,,,,,,,
Seq_1346_LinJ.30|src_c30.770,,,,,,,,,,,,,,,,,,,,,,,,,,,,,,,,,,,,,,,,,
Seq_1351_LinJ.30|src_c30.820Q,,,,,,,,,,,,,,,,,,,,,,,,,,,,,,,,,,,,,,,,,
Seq_1357_LinJ.30|src_c30.840R,,,,,,,,,,,,,,,,,,,,,,,,,,,,,,,,,,,,,,,,,
Seq_1365_LinJ.30|src_c30.960,,,,,,,,,,,,,,,,,,,,,,,,,,,,,,,,,,,,,,,,,
Seq_1372_LinJ.31|src_c31.30C,,,,,,,,,,,,,,,,,,,,,,,,,,,,,,,,,,,,,,,,,
Seq_1375_LinJ.31|src_c31.60,,,,,,,,,,,,,,,,,,,,,,,,,,,,,,,,,,,,,,,,,
Seq_1376_LinJ.31|src_c31.70,,,,,,,,,,,,,,,,,,,,,,,,,,,,,,,,,,,,,,,,,
Seq_1378_LinJ.31|src_c31.90D,,,,,,,,,,,,,,,,,,,,,,,,,,,,,,,,,,,,,,,,,
Seq_1386_LinJ.31|src_c31.140F,,,,,,,,,,,,,,,,,,,,,,,,,,,,,,,,,,,,,,,,,
Seq_1387_LinJ.31|src_c31.180,,,,,,,,,,,,,,,,,,,,,,,,,,,,,,,,,,,,,,,,,
Seq_1389_LinJ.31|src_c31.200G,,,,,,,,,,,,,,,,,,,,,,,,,,,,,,,,,,,,,,,,,
Seq_1390_LinJ.31|src_c31.210,,,,,,,,,,,,,,,,,,,,,,,,,,,,,,,,,,,,,,,,,
Seq_1393_LinJ.31|src_c31.240,,,,,,,,,,,,,,,,,,,,,,,,,,,,,,,,,,,,,,,,,
Seq_1394_LinJ.31|src_c31.250H,,,,,,,,,,,,,,,,,,,,,,,,,,,,,,,,,,,,,,,,,
Seq_1395_LinJ.31|src_c31.260,,,,,,,,,,,,,,,,,,,,,,,,,,,,,,,,,,,,,,,,,
Seq_1396_LinJ.31|src_c31.270,,,,,,,,,,,,,,,,,,,,,,,,,,,,,,,,,,,,,,,,,
Seq_1399_LinJ.31|src_c31.300I,,,,,,,,,,,,,,,,,,,,,,,,,,,,,,,,,,,,,,,,,
Seq_1400_LinJ.31|src_c31.310,,,,,,,,,,,,,,,,,,,,,,,,,,,,,,,,,,,,,,,,,
Seq_1403_LinJ.31|src_c31.340J,,,,,,,,,,,,,,,,,,,,,,,,,,,,,,,,,,,,,,,,,
Seq_1404_LinJ.31|src_c31.350,,,,,,,,,,,,,,,,,,,,,,,,,,,,,,,,,,,,,,,,,
Seq_1407_LinJ.31|src_c31.380,,,,,,,,,,,,,,,,,,,,,,,,,,,,,,,,,,,,,,,,,
Seq_1409_LinJ.31|src_c31.400,,,,,,,,,,,,,,,,,,,,,,,,,,,,,,,,,,,,,,,,,
Seq_1411_LinJ.31|src_c31.410K,,,,,,,,,,,,,,,,,,,,,,,,,,,,,,,,,,,,,,,,,
Seq_1412_LinJ.31|src_c31.430,,,,,,,,,,,,,,,,,,,,,,,,,,,,,,,,,,,,,,,,,
Seq_1075_LinJ.27|src_c27.640,Seq_1272_LinJ.30|src_c30.30,Seq_1418_LinJ.31|src_c31.440L,,,,,,,,,,,,,,,,,,,,,,,,,,,,,,,,,,,,,,,
Seq_1416_LinJ.31|src_c31.450M,,,,,,,,,,,,,,,,,,,,,,,,,,,,,,,,,,,,,,,,,
Seq_1419_LinJ.31|src_c31.500N,,,,,,,,,,,,,,,,,,,,,,,,,,,,,,,,,,,,,,,,,
Seq_1423_LinJ.31|src_c31.540,,,,,,,,,,,,,,,,,,,,,,,,,,,,,,,,,,,,,,,,,
Seq_1424_LinJ.31|src_c31.550,,,,,,,,,,,,,,,,,,,,,,,,,,,,,,,,,,,,,,,,,
Seq_1425_LinJ.31|src_c31.560,,,,,,,,,,,,,,,,,,,,,,,,,,,,,,,,,,,,,,,,,
Seq_1429_LinJ.31|src_c31.590O,,,,,,,,,,,,,,,,,,,,,,,,,,,,,,,,,,,,,,,,,
Seq_1434_LinJ.31|src_c31.610P,,,,,,,,,,,,,,,,,,,,,,,,,,,,,,,,,,,,,,,,,
Seq_1436_LinJ.31|src_c31.620Q,,,,,,,,,,,,,,,,,,,,,,,,,,,,,,,,,,,,,,,,,
Seq_1435_LinJ.31|src_c31.570R,,,,,,,,,,,,,,,,,,,,,,,,,,,,,,,,,,,,,,,,,
Seq_1443_LinJ.31|src_c31.730S,,,,,,,,,,,,,,,,,,,,,,,,,,,,,,,,,,,,,,,,,
Seq_1444_LinJ.31|src_c31.750,,,,,,,,,,,,,,,,,,,,,,,,,,,,,,,,,,,,,,,,,
Seq_1450_LinJ.31|src_c31.700T,,,,,,,,,,,,,,,,,,,,,,,,,,,,,,,,,,,,,,,,,
Seq_1447_LinJ.31|src_c31.780U,,,,,,,,,,,,,,,,,,,,,,,,,,,,,,,,,,,,,,,,,
Seq_1451_LinJ.31|src_c31.820,,,,,,,,,,,,,,,,,,,,,,,,,,,,,,,,,,,,,,,,,
Seq_1455_LinJ.31|src_c31.830V,,,,,,,,,,,,,,,,,,,,,,,,,,,,,,,,,,,,,,,,,
Seq_1464_LinJ.31|src_c31.900W,,,,,,,,,,,,,,,,,,,,,,,,,,,,,,,,,,,,,,,,,
Seq_1470_LinJ.31|src_c31.1010X,,,,,,,,,,,,,,,,,,,,,,,,,,,,,,,,,,,,,,,,,
Seq_1472_LinJ.31|src_c31.1030,,,,,,,,,,,,,,,,,,,,,,,,,,,,,,,,,,,,,,,,,
Seq_1474_LinJ.31|src_c31.1050,,,,,,,,,,,,,,,,,,,,,,,,,,,,,,,,,,,,,,,,,
Seq_1487_LinJ.32|src_c32.30A,,,,,,,,,,,,,,,,,,,,,,,,,,,,,,,,,,,,,,,,,
Seq_1485_LinJ.32|src_c32.40B,,,,,,,,,,,,,,,,,,,,,,,,,,,,,,,,,,,,,,,,,
Seq_1494_LinJ.32|src_c32.190C,,,,,,,,,,,,,,,,,,,,,,,,,,,,,,,,,,,,,,,,,
Seq_1496_LinJ.32|src_c32.200D,,,,,,,,,,,,,,,,,,,,,,,,,,,,,,,,,,,,,,,,,
Seq_1498_LinJ.32|src_c32.230,,,,,,,,,,,,,,,,,,,,,,,,,,,,,,,,,,,,,,,,,
Seq_1499_LinJ.32|src_c32.240,,,,,,,,,,,,,,,,,,,,,,,,,,,,,,,,,,,,,,,,,
Seq_1502_LinJ.32|src_c32.260E,,,,,,,,,,,,,,,,,,,,,,,,,,,,,,,,,,,,,,,,,
Seq_1505_LinJ.32|src_c32.300,,,,,,,,,,,,,,,,,,,,,,,,,,,,,,,,,,,,,,,,,
Seq_1511_LinJ.32|src_c32.310F,,,,,,,,,,,,,,,,,,,,,,,,,,,,,,,,,,,,,,,,,
Seq_1507_LinJ.32|src_c32.320G,,,,,,,,,,,,,,,,,,,,,,,,,,,,,,,,,,,,,,,,,
Seq_1515_LinJ.32|src_c32.370H,,,,,,,,,,,,,,,,,,,,,,,,,,,,,,,,,,,,,,,,,
Seq_1514_LinJ.32|src_c32.390I,,,,,,,,,,,,,,,,,,,,,,,,,,,,,,,,,,,,,,,,,
Seq_1517_LinJ.32|src_c32.420,,,,,,,,,,,,,,,,,,,,,,,,,,,,,,,,,,,,,,,,,
Seq_1520_LinJ.32|src_c32.450K,,,,,,,,,,,,,,,,,,,,,,,,,,,,,,,,,,,,,,,,,
Seq_1529_LinJ.32|src_c32.540,,,,,,,,,,,,,,,,,,,,,,,,,,,,,,,,,,,,,,,,,
Seq_1530_LinJ.32|src_c32.550,,,,,,,,,,,,,,,,,,,,,,,,,,,,,,,,,,,,,,,,,
Seq_1534_LinJ.32|src_c32.560L,,,,,,,,,,,,,,,,,,,,,,,,,,,,,,,,,,,,,,,,,
Seq_1543_LinJ.32|src_c32.680O,,,,,,,,,,,,,,,,,,,,,,,,,,,,,,,,,,,,,,,,,
Seq_1547_LinJ.32|src_c32.700P,,,,,,,,,,,,,,,,,,,,,,,,,,,,,,,,,,,,,,,,,
Seq_1549_LinJ.32|src_c32.740,,,,,,,,,,,,,,,,,,,,,,,,,,,,,,,,,,,,,,,,,
Seq_1550_LinJ.32|src_c32.750R,,,,,,,,,,,,,,,,,,,,,,,,,,,,,,,,,,,,,,,,,
Seq_1554_LinJ.32|src_c32.790,,,,,,,,,,,,,,,,,,,,,,,,,,,,,,,,,,,,,,,,,
Seq_1555_LinJ.32|src_c32.800,,,,,,,,,,,,,,,,,,,,,,,,,,,,,,,,,,,,,,,,,
Seq_1556_LinJ.32|src_c32.810,,,,,,,,,,,,,,,,,,,,,,,,,,,,,,,,,,,,,,,,,
Seq_1559_LinJ.32|src_c32.820S,,,,,,,,,,,,,,,,,,,,,,,,,,,,,,,,,,,,,,,,,
Seq_1560_LinJ.32|src_c32.850,,,,,,,,,,,,,,,,,,,,,,,,,,,,,,,,,,,,,,,,,
Seq_1564_LinJ.32|src_c32.890,,,,,,,,,,,,,,,,,,,,,,,,,,,,,,,,,,,,,,,,,
Seq_1565_LinJ.32|src_c32.900,,,,,,,,,,,,,,,,,,,,,,,,,,,,,,,,,,,,,,,,,
Seq_1566_LinJ.32|src_c32.910,Seq_1922_LinJ.35|src_c35.870V,,,,,,,,,,,,,,,,,,,,,,,,,,,,,,,,,,,,,,,,
Seq_1567_LinJ.32|src_c32.920U,,,,,,,,,,,,,,,,,,,,,,,,,,,,,,,,,,,,,,,,,
Seq_1575_LinJ.33|src_c33.20A,,,,,,,,,,,,,,,,,,,,,,,,,,,,,,,,,,,,,,,,,
Seq_1576_LinJ.33|src_c33.30B,,,,,,,,,,,,,,,,,,,,,,,,,,,,,,,,,,,,,,,,,
Seq_1577_LinJ.33|src_c33.80,,,,,,,,,,,,,,,,,,,,,,,,,,,,,,,,,,,,,,,,,
Seq_1580_LinJ.33|src_c33.110,,,,,,,,,,,,,,,,,,,,,,,,,,,,,,,,,,,,,,,,,
Seq_1589_LinJ.33|src_c33.140C,,,,,,,,,,,,,,,,,,,,,,,,,,,,,,,,,,,,,,,,,
Seq_1584_LinJ.33|src_c33.150D,,,,,,,,,,,,,,,,,,,,,,,,,,,,,,,,,,,,,,,,,
Seq_1598_LinJ.33|src_c33.240E,,,,,,,,,,,,,,,,,,,,,,,,,,,,,,,,,,,,,,,,,
Seq_1601_LinJ.33|src_c33.320,,,,,,,,,,,,,,,,,,,,,,,,,,,,,,,,,,,,,,,,,
Seq_1602_LinJ.33|src_c33.330,,,,,,,,,,,,,,,,,,,,,,,,,,,,,,,,,,,,,,,,,
Seq_1603_LinJ.33|src_c33.340,,,,,,,,,,,,,,,,,,,,,,,,,,,,,,,,,,,,,,,,,
Seq_1604_LinJ.33|src_c33.350,,,,,,,,,,,,,,,,,,,,,,,,,,,,,,,,,,,,,,,,,
Seq_1606_LinJ.33|src_c33.370,,,,,,,,,,,,,,,,,,,,,,,,,,,,,,,,,,,,,,,,,
Seq_1615_LinJ.33|src_c33.380F,,,,,,,,,,,,,,,,,,,,,,,,,,,,,,,,,,,,,,,,,
Seq_1609_LinJ.33|src_c33.400,,,,,,,,,,,,,,,,,,,,,,,,,,,,,,,,,,,,,,,,,
Seq_1610_LinJ.33|src_c33.410,,,,,,,,,,,,,,,,,,,,,,,,,,,,,,,,,,,,,,,,,
Seq_1612_LinJ.33|src_c33.430,,,,,,,,,,,,,,,,,,,,,,,,,,,,,,,,,,,,,,,,,
Seq_1614_LinJ.33|src_c33.450,,,,,,,,,,,,,,,,,,,,,,,,,,,,,,,,,,,,,,,,,
Seq_1620_LinJ.33|src_c33.510G,,,,,,,,,,,,,,,,,,,,,,,,,,,,,,,,,,,,,,,,,
Seq_1621_LinJ.33|src_c33.520,,,,,,,,,,,,,,,,,,,,,,,,,,,,,,,,,,,,,,,,,
Seq_1622_LinJ.33|src_c33.390H,,,,,,,,,,,,,,,,,,,,,,,,,,,,,,,,,,,,,,,,,
Seq_1624_LinJ.33|src_c33.550,,,,,,,,,,,,,,,,,,,,,,,,,,,,,,,,,,,,,,,,,
Seq_1629_LinJ.33|src_c33.600J,,,,,,,,,,,,,,,,,,,,,,,,,,,,,,,,,,,,,,,,,
Seq_1633_LinJ.33|src_c33.640,,,,,,,,,,,,,,,,,,,,,,,,,,,,,,,,,,,,,,,,,
Seq_1636_LinJ.33|src_c33.660K,,,,,,,,,,,,,,,,,,,,,,,,,,,,,,,,,,,,,,,,,
Seq_1637_LinJ.33|src_c33.680,,,,,,,,,,,,,,,,,,,,,,,,,,,,,,,,,,,,,,,,,
Seq_1641_LinJ.33|src_c33.720,,,,,,,,,,,,,,,,,,,,,,,,,,,,,,,,,,,,,,,,,
Seq_1644_LinJ.33|src_c33.730L,,,,,,,,,,,,,,,,,,,,,,,,,,,,,,,,,,,,,,,,,
Seq_1643_LinJ.33|src_c33.740M,,,,,,,,,,,,,,,,,,,,,,,,,,,,,,,,,,,,,,,,,
Seq_1646_LinJ.33|src_c33.770N,,,,,,,,,,,,,,,,,,,,,,,,,,,,,,,,,,,,,,,,,
Seq_1649_LinJ.33|src_c33.800O,,,,,,,,,,,,,,,,,,,,,,,,,,,,,,,,,,,,,,,,,
Seq_1662_LinJ.33|src_c33.870P,,,,,,,,,,,,,,,,,,,,,,,,,,,,,,,,,,,,,,,,,
Seq_1666_LinJ.33|src_c33.850Q,,,,,,,,,,,,,,,,,,,,,,,,,,,,,,,,,,,,,,,,,
Seq_1659_LinJ.33|src_c33.900,,,,,,,,,,,,,,,,,,,,,,,,,,,,,,,,,,,,,,,,,
Seq_1660_LinJ.33|src_c33.910,,,,,,,,,,,,,,,,,,,,,,,,,,,,,,,,,,,,,,,,,
Seq_1669_LinJ.33|src_c33.1000,,,,,,,,,,,,,,,,,,,,,,,,,,,,,,,,,,,,,,,,,
Seq_1670_LinJ.33|src_c33.1010,,,,,,,,,,,,,,,,,,,,,,,,,,,,,,,,,,,,,,,,,
Seq_1673_LinJ.33|src_c33.1020R,,,,,,,,,,,,,,,,,,,,,,,,,,,,,,,,,,,,,,,,,
Seq_1674_LinJ.33|src_c33.1030S,,,,,,,,,,,,,,,,,,,,,,,,,,,,,,,,,,,,,,,,,
Seq_25_LinJ.02|src_c02.130,Seq_1680_LinJ.33|src_c33.1070T,Seq_1819_LinJ.34|src_c34.1380,,,,,,,,,,,,,,,,,,,,,,,,,,,,,,,,,,,,,,,
Seq_1681_LinJ.33|src_c33.1120,,,,,,,,,,,,,,,,,,,,,,,,,,,,,,,,,,,,,,,,,
Seq_1687_LinJ.34|src_c34.20A,,,,,,,,,,,,,,,,,,,,,,,,,,,,,,,,,,,,,,,,,
Seq_1688_LinJ.34|src_c34.70,,,,,,,,,,,,,,,,,,,,,,,,,,,,,,,,,,,,,,,,,
Seq_1689_LinJ.34|src_c34.80,,,,,,,,,,,,,,,,,,,,,,,,,,,,,,,,,,,,,,,,,
Seq_1697_LinJ.34|src_c34.160,,,,,,,,,,,,,,,,,,,,,,,,,,,,,,,,,,,,,,,,,
Seq_1698_LinJ.34|src_c34.170,,,,,,,,,,,,,,,,,,,,,,,,,,,,,,,,,,,,,,,,,
Seq_1699_LinJ.34|src_c34.180,,,,,,,,,,,,,,,,,,,,,,,,,,,,,,,,,,,,,,,,,
Seq_1701_LinJ.34|src_c34.200,,,,,,,,,,,,,,,,,,,,,,,,,,,,,,,,,,,,,,,,,
Seq_1702_LinJ.34|src_c34.210,,,,,,,,,,,,,,,,,,,,,,,,,,,,,,,,,,,,,,,,,
Seq_1703_LinJ.34|src_c34.220C,,,,,,,,,,,,,,,,,,,,,,,,,,,,,,,,,,,,,,,,,
Seq_1705_LinJ.34|src_c34.240,,,,,,,,,,,,,,,,,,,,,,,,,,,,,,,,,,,,,,,,,
Seq_1706_LinJ.34|src_c34.250,,,,,,,,,,,,,,,,,,,,,,,,,,,,,,,,,,,,,,,,,
Seq_1694_LinJ.34|src_c34.130E,,,,,,,,,,,,,,,,,,,,,,,,,,,,,,,,,,,,,,,,,
Seq_1725_LinJ.34|src_c34.440,,,,,,,,,,,,,,,,,,,,,,,,,,,,,,,,,,,,,,,,,
Seq_1732_LinJ.34|src_c34.500F,,,,,,,,,,,,,,,,,,,,,,,,,,,,,,,,,,,,,,,,,
Seq_1733_LinJ.34|src_c34.520,,,,,,,,,,,,,,,,,,,,,,,,,,,,,,,,,,,,,,,,,
Seq_1736_LinJ.34|src_c34.550,,,,,,,,,,,,,,,,,,,,,,,,,,,,,,,,,,,,,,,,,
Seq_1741_LinJ.34|src_c34.590I,,,,,,,,,,,,,,,,,,,,,,,,,,,,,,,,,,,,,,,,,
Seq_1755_LinJ.34|src_c34.620J,,,,,,,,,,,,,,,,,,,,,,,,,,,,,,,,,,,,,,,,,
Seq_1745_LinJ.34|src_c34.640K,,,,,,,,,,,,,,,,,,,,,,,,,,,,,,,,,,,,,,,,,
Seq_1750_LinJ.34|src_c34.690,,,,,,,,,,,,,,,,,,,,,,,,,,,,,,,,,,,,,,,,,
Seq_1756_LinJ.34|src_c34.750,,,,,,,,,,,,,,,,,,,,,,,,,,,,,,,,,,,,,,,,,
Seq_1758_LinJ.34|src_c34.770L,,,,,,,,,,,,,,,,,,,,,,,,,,,,,,,,,,,,,,,,,
Seq_1766_LinJ.34|src_c34.780M,,,,,,,,,,,,,,,,,,,,,,,,,,,,,,,,,,,,,,,,,
Seq_1762_LinJ.34|src_c34.810,,,,,,,,,,,,,,,,,,,,,,,,,,,,,,,,,,,,,,,,,
Seq_1764_LinJ.34|src_c34.760N,,,,,,,,,,,,,,,,,,,,,,,,,,,,,,,,,,,,,,,,,
Seq_1772_LinJ.34|src_c34.880O,,,,,,,,,,,,,,,,,,,,,,,,,,,,,,,,,,,,,,,,,
Seq_1777_LinJ.34|src_c34.890P,,,,,,,,,,,,,,,,,,,,,,,,,,,,,,,,,,,,,,,,,
Seq_1771_LinJ.34|src_c34.900Q,,,,,,,,,,,,,,,,,,,,,,,,,,,,,,,,,,,,,,,,,
Seq_1773_LinJ.34|src_c34.920,,,,,,,,,,,,,,,,,,,,,,,,,,,,,,,,,,,,,,,,,
Seq_1787_LinJ.34|src_c34.1000R,,,,,,,,,,,,,,,,,,,,,,,,,,,,,,,,,,,,,,,,,
Seq_1791_LinJ.34|src_c34.1080S,,,,,,,,,,,,,,,,,,,,,,,,,,,,,,,,,,,,,,,,,
Seq_1794_LinJ.34|src_c34.1130T,,,,,,,,,,,,,,,,,,,,,,,,,,,,,,,,,,,,,,,,,
Seq_1795_LinJ.34|src_c34.1140,,,,,,,,,,,,,,,,,,,,,,,,,,,,,,,,,,,,,,,,,
Seq_1800_LinJ.34|src_c34.1150U,,,,,,,,,,,,,,,,,,,,,,,,,,,,,,,,,,,,,,,,,
Seq_1809_LinJ.34|src_c34.1160V,,,,,,,,,,,,,,,,,,,,,,,,,,,,,,,,,,,,,,,,,
Seq_1799_LinJ.34|src_c34.1180W,,,,,,,,,,,,,,,,,,,,,,,,,,,,,,,,,,,,,,,,,
Seq_1808_LinJ.34|src_c34.1250X,,,,,,,,,,,,,,,,,,,,,,,,,,,,,,,,,,,,,,,,,
Seq_1812_LinJ.34|src_c34.1310Y,,,,,,,,,,,,,,,,,,,,,,,,,,,,,,,,,,,,,,,,,
Seq_1814_LinJ.34|src_c34.1320Z,,,,,,,,,,,,,,,,,,,,,,,,,,,,,,,,,,,,,,,,,
Seq_1815_LinJ.34|src_c34.1340,,,,,,,,,,,,,,,,,,,,,,,,,,,,,,,,,,,,,,,,,
Seq_1816_LinJ.34|src_c34.1350,,,,,,,,,,,,,,,,,,,,,,,,,,,,,,,,,,,,,,,,,
Seq_1818_LinJ.34|src_c34.1370,,,,,,,,,,,,,,,,,,,,,,,,,,,,,,,,,,,,,,,,,
Seq_1820_LinJ.34|src_c34.1390,,,,,,,,,,,,,,,,,,,,,,,,,,,,,,,,,,,,,,,,,
Seq_1824_LinJ.34|src_c34.1410AA,,,,,,,,,,,,,,,,,,,,,,,,,,,,,,,,,,,,,,,,,
Seq_1823_LinJ.34|src_c34.1420,,,,,,,,,,,,,,,,,,,,,,,,,,,,,,,,,,,,,,,,,
Seq_1827_LinJ.34|src_c34.1450AB,,,,,,,,,,,,,,,,,,,,,,,,,,,,,,,,,,,,,,,,,
Seq_1828_LinJ.34|src_c34.1470,,,,,,,,,,,,,,,,,,,,,,,,,,,,,,,,,,,,,,,,,
Seq_1829_LinJ.34|src_c34.1480,,,,,,,,,,,,,,,,,,,,,,,,,,,,,,,,,,,,,,,,,
Seq_1830_LinJ.34|src_c34.1490AC,,,,,,,,,,,,,,,,,,,,,,,,,,,,,,,,,,,,,,,,,
Seq_1832_LinJ.34|src_c34.1510,,,,,,,,,,,,,,,,,,,,,,,,,,,,,,,,,,,,,,,,,
Seq_1834_LinJ.35|src_c35.10A,,,,,,,,,,,,,,,,,,,,,,,,,,,,,,,,,,,,,,,,,
Seq_1840_LinJ.35|src_c35.50B,,,,,,,,,,,,,,,,,,,,,,,,,,,,,,,,,,,,,,,,,
Seq_1839_LinJ.35|src_c35.60,,,,,,,,,,,,,,,,,,,,,,,,,,,,,,,,,,,,,,,,,
Seq_1841_LinJ.35|src_c35.80,,,,,,,,,,,,,,,,,,,,,,,,,,,,,,,,,,,,,,,,,
Seq_1842_LinJ.35|src_c35.90,,,,,,,,,,,,,,,,,,,,,,,,,,,,,,,,,,,,,,,,,
Seq_1844_LinJ.35|src_c35.110,,,,,,,,,,,,,,,,,,,,,,,,,,,,,,,,,,,,,,,,,
Seq_1850_LinJ.35|src_c35.120C,,,,,,,,,,,,,,,,,,,,,,,,,,,,,,,,,,,,,,,,,
Seq_1848_LinJ.35|src_c35.150,,,,,,,,,,,,,,,,,,,,,,,,,,,,,,,,,,,,,,,,,
Seq_1849_LinJ.35|src_c35.160,,,,,,,,,,,,,,,,,,,,,,,,,,,,,,,,,,,,,,,,,
Seq_1851_LinJ.35|src_c35.180,,,,,,,,,,,,,,,,,,,,,,,,,,,,,,,,,,,,,,,,,
Seq_1853_LinJ.35|src_c35.190D,,,,,,,,,,,,,,,,,,,,,,,,,,,,,,,,,,,,,,,,,
Seq_1876_LinJ.35|src_c35.230F,,,,,,,,,,,,,,,,,,,,,,,,,,,,,,,,,,,,,,,,,
Seq_1858_LinJ.35|src_c35.250G,,,,,,,,,,,,,,,,,,,,,,,,,,,,,,,,,,,,,,,,,
Seq_1861_LinJ.35|src_c35.280H,,,,,,,,,,,,,,,,,,,,,,,,,,,,,,,,,,,,,,,,,
Seq_1863_LinJ.35|src_c35.300,,,,,,,,,,,,,,,,,,,,,,,,,,,,,,,,,,,,,,,,,
Seq_1864_LinJ.35|src_c35.310,,,,,,,,,,,,,,,,,,,,,,,,,,,,,,,,,,,,,,,,,
Seq_1867_LinJ.35|src_c35.330J,,,,,,,,,,,,,,,,,,,,,,,,,,,,,,,,,,,,,,,,,
Seq_1875_LinJ.35|src_c35.370K,,,,,,,,,,,,,,,,,,,,,,,,,,,,,,,,,,,,,,,,,
Seq_1871_LinJ.35|src_c35.380L,,,,,,,,,,,,,,,,,,,,,,,,,,,,,,,,,,,,,,,,,
Seq_1878_LinJ.35|src_c35.440M,,,,,,,,,,,,,,,,,,,,,,,,,,,,,,,,,,,,,,,,,
Seq_1883_LinJ.35|src_c35.500,,,,,,,,,,,,,,,,,,,,,,,,,,,,,,,,,,,,,,,,,
Seq_1884_LinJ.35|src_c35.510N,,,,,,,,,,,,,,,,,,,,,,,,,,,,,,,,,,,,,,,,,
Seq_1888_LinJ.35|src_c35.550,,,,,,,,,,,,,,,,,,,,,,,,,,,,,,,,,,,,,,,,,
Seq_1889_LinJ.35|src_c35.560,,,,,,,,,,,,,,,,,,,,,,,,,,,,,,,,,,,,,,,,,
Seq_1890_LinJ.35|src_c35.570,,,,,,,,,,,,,,,,,,,,,,,,,,,,,,,,,,,,,,,,,
Seq_1896_LinJ.35|src_c35.580P,,,,,,,,,,,,,,,,,,,,,,,,,,,,,,,,,,,,,,,,,
Seq_1894_LinJ.35|src_c35.610,,,,,,,,,,,,,,,,,,,,,,,,,,,,,,,,,,,,,,,,,
Seq_1895_LinJ.35|src_c35.620,,,,,,,,,,,,,,,,,,,,,,,,,,,,,,,,,,,,,,,,,
Seq_1897_LinJ.35|src_c35.640Q,,,,,,,,,,,,,,,,,,,,,,,,,,,,,,,,,,,,,,,,,
Seq_1900_LinJ.35|src_c35.670,,,,,,,,,,,,,,,,,,,,,,,,,,,,,,,,,,,,,,,,,
Seq_1902_LinJ.35|src_c35.690,,,,,,,,,,,,,,,,,,,,,,,,,,,,,,,,,,,,,,,,,
Seq_1903_LinJ.35|src_c35.700R,,,,,,,,,,,,,,,,,,,,,,,,,,,,,,,,,,,,,,,,,
Seq_1904_LinJ.35|src_c35.710S,,,,,,,,,,,,,,,,,,,,,,,,,,,,,,,,,,,,,,,,,
Seq_1913_LinJ.35|src_c35.800,,,,,,,,,,,,,,,,,,,,,,,,,,,,,,,,,,,,,,,,,
Seq_1915_LinJ.35|src_c35.820T,,,,,,,,,,,,,,,,,,,,,,,,,,,,,,,,,,,,,,,,,
Seq_1919_LinJ.35|src_c35.850U,,,,,,,,,,,,,,,,,,,,,,,,,,,,,,,,,,,,,,,,,
Seq_1924_LinJ.35|src_c35.910W,,,,,,,,,,,,,,,,,,,,,,,,,,,,,,,,,,,,,,,,,
Seq_1931_LinJ.35|src_c35.980,,,,,,,,,,,,,,,,,,,,,,,,,,,,,,,,,,,,,,,,,
Seq_1932_LinJ.35|src_c35.990,,,,,,,,,,,,,,,,,,,,,,,,,,,,,,,,,,,,,,,,,
Seq_1935_LinJ.35|src_c35.1020,,,,,,,,,,,,,,,,,,,,,,,,,,,,,,,,,,,,,,,,,
Seq_1936_LinJ.35|src_c35.1030,,,,,,,,,,,,,,,,,,,,,,,,,,,,,,,,,,,,,,,,,
Seq_1940_LinJ.35|src_c35.1040X,,,,,,,,,,,,,,,,,,,,,,,,,,,,,,,,,,,,,,,,,
Seq_1945_LinJ.35|src_c35.1060Y,,,,,,,,,,,,,,,,,,,,,,,,,,,,,,,,,,,,,,,,,
Seq_1941_LinJ.35|src_c35.1080,,,,,,,,,,,,,,,,,,,,,,,,,,,,,,,,,,,,,,,,,
Seq_1951_LinJ.35|src_c35.1130Z,,,,,,,,,,,,,,,,,,,,,,,,,,,,,,,,,,,,,,,,,
Seq_1947_LinJ.35|src_c35.1140AA,,,,,,,,,,,,,,,,,,,,,,,,,,,,,,,,,,,,,,,,,
Seq_1957_LinJ.35|src_c35.1240,,,,,,,,,,,,,,,,,,,,,,,,,,,,,,,,,,,,,,,,,
Seq_1958_LinJ.35|src_c35.1250AC,,,,,,,,,,,,,,,,,,,,,,,,,,,,,,,,,,,,,,,,,
Seq_1959_LinJ.35|src_c35.1260AD,,,,,,,,,,,,,,,,,,,,,,,,,,,,,,,,,,,,,,,,,
Seq_1967_LinJ.35|src_c35.1330AE,,,,,,,,,,,,,,,,,,,,,,,,,,,,,,,,,,,,,,,,,
Seq_1968_LinJ.35|src_c35.1350,,,,,,,,,,,,,,,,,,,,,,,,,,,,,,,,,,,,,,,,,
Seq_1970_LinJ.35|src_c35.1370,,,,,,,,,,,,,,,,,,,,,,,,,,,,,,,,,,,,,,,,,
Seq_1971_LinJ.35|src_c35.1380,,,,,,,,,,,,,,,,,,,,,,,,,,,,,,,,,,,,,,,,,
Seq_1975_LinJ.36|src_c36.20A,,,,,,,,,,,,,,,,,,,,,,,,,,,,,,,,,,,,,,,,,
Seq_1979_LinJ.36|src_c36.30B,,,,,,,,,,,,,,,,,,,,,,,,,,,,,,,,,,,,,,,,,
Seq_1977_LinJ.36|src_c36.40,,,,,,,,,,,,,,,,,,,,,,,,,,,,,,,,,,,,,,,,,
Seq_1980_LinJ.36|src_c36.70C,,,,,,,,,,,,,,,,,,,,,,,,,,,,,,,,,,,,,,,,,
Seq_1984_LinJ.36|src_c36.110,,,,,,,,,,,,,,,,,,,,,,,,,,,,,,,,,,,,,,,,,
Seq_1992_LinJ.36|src_c36.120D,,,,,,,,,,,,,,,,,,,,,,,,,,,,,,,,,,,,,,,,,
Seq_1997_LinJ.36|src_c36.130E,,,,,,,,,,,,,,,,,,,,,,,,,,,,,,,,,,,,,,,,,
Seq_1987_LinJ.36|src_c36.140F,,,,,,,,,,,,,,,,,,,,,,,,,,,,,,,,,,,,,,,,,
Seq_1990_LinJ.36|src_c36.170,,,,,,,,,,,,,,,,,,,,,,,,,,,,,,,,,,,,,,,,,
Seq_2002_LinJ.36|src_c36.250G,,,,,,,,,,,,,,,,,,,,,,,,,,,,,,,,,,,,,,,,,
Seq_2000_LinJ.36|src_c36.270,,,,,,,,,,,,,,,,,,,,,,,,,,,,,,,,,,,,,,,,,
Seq_2003_LinJ.36|src_c36.300H,,,,,,,,,,,,,,,,,,,,,,,,,,,,,,,,,,,,,,,,,
Seq_2006_LinJ.36|src_c36.330,,,,,,,,,,,,,,,,,,,,,,,,,,,,,,,,,,,,,,,,,
Seq_2009_LinJ.36|src_c36.350J,,,,,,,,,,,,,,,,,,,,,,,,,,,,,,,,,,,,,,,,,
Seq_2013_LinJ.36|src_c36.400K,,,,,,,,,,,,,,,,,,,,,,,,,,,,,,,,,,,,,,,,,
Seq_2019_LinJ.36|src_c36.430M,,,,,,,,,,,,,,,,,,,,,,,,,,,,,,,,,,,,,,,,,
Seq_2026_LinJ.36|src_c36.520N,,,,,,,,,,,,,,,,,,,,,,,,,,,,,,,,,,,,,,,,,
Seq_2028_LinJ.36|src_c36.550,,,,,,,,,,,,,,,,,,,,,,,,,,,,,,,,,,,,,,,,,
Seq_2030_LinJ.36|src_c36.570,,,,,,,,,,,,,,,,,,,,,,,,,,,,,,,,,,,,,,,,,
Seq_2031_LinJ.36|src_c36.580,,,,,,,,,,,,,,,,,,,,,,,,,,,,,,,,,,,,,,,,,
Seq_2032_LinJ.36|src_c36.590,,,,,,,,,,,,,,,,,,,,,,,,,,,,,,,,,,,,,,,,,
Seq_2035_LinJ.36|src_c36.620P,,,,,,,,,,,,,,,,,,,,,,,,,,,,,,,,,,,,,,,,,
Seq_2036_LinJ.36|src_c36.630,,,,,,,,,,,,,,,,,,,,,,,,,,,,,,,,,,,,,,,,,
Seq_2038_LinJ.36|src_c36.650,,,,,,,,,,,,,,,,,,,,,,,,,,,,,,,,,,,,,,,,,
Seq_2041_LinJ.36|src_c36.660Q,,,,,,,,,,,,,,,,,,,,,,,,,,,,,,,,,,,,,,,,,
Seq_2042_LinJ.36|src_c36.690S,,,,,,,,,,,,,,,,,,,,,,,,,,,,,,,,,,,,,,,,,
Seq_2047_LinJ.36|src_c36.740,,,,,,,,,,,,,,,,,,,,,,,,,,,,,,,,,,,,,,,,,
Seq_2048_LinJ.36|src_c36.750,,,,,,,,,,,,,,,,,,,,,,,,,,,,,,,,,,,,,,,,,
Seq_2049_LinJ.36|src_c36.760T,,,,,,,,,,,,,,,,,,,,,,,,,,,,,,,,,,,,,,,,,
Seq_2053_LinJ.36|src_c36.790U,,,,,,,,,,,,,,,,,,,,,,,,,,,,,,,,,,,,,,,,,
Seq_2056_LinJ.36|src_c36.830,,,,,,,,,,,,,,,,,,,,,,,,,,,,,,,,,,,,,,,,,
Seq_2057_LinJ.36|src_c36.840,,,,,,,,,,,,,,,,,,,,,,,,,,,,,,,,,,,,,,,,,
Seq_2058_LinJ.36|src_c36.850,,,,,,,,,,,,,,,,,,,,,,,,,,,,,,,,,,,,,,,,,
Seq_2059_LinJ.36|src_c36.860,,,,,,,,,,,,,,,,,,,,,,,,,,,,,,,,,,,,,,,,,
Seq_2060_LinJ.36|src_c36.870,,,,,,,,,,,,,,,,,,,,,,,,,,,,,,,,,,,,,,,,,
Seq_2063_LinJ.36|src_c36.880V,,,,,,,,,,,,,,,,,,,,,,,,,,,,,,,,,,,,,,,,,
Seq_2064_LinJ.36|src_c36.910,,,,,,,,,,,,,,,,,,,,,,,,,,,,,,,,,,,,,,,,,
Seq_2065_LinJ.36|src_c36.920W,,,,,,,,,,,,,,,,,,,,,,,,,,,,,,,,,,,,,,,,,
Seq_2068_LinJ.36|src_c36.950,,,,,,,,,,,,,,,,,,,,,,,,,,,,,,,,,,,,,,,,,
Seq_1058_LinJ.27|src_c27.440G,Seq_2069_LinJ.36|src_c36.960,,,,,,,,,,,,,,,,,,,,,,,,,,,,,,,,,,,,,,,,
Seq_2071_LinJ.36|src_c36.970X,,,,,,,,,,,,,,,,,,,,,,,,,,,,,,,,,,,,,,,,,
Seq_2072_LinJ.36|src_c36.990,,,,,,,,,,,,,,,,,,,,,,,,,,,,,,,,,,,,,,,,,
Seq_2074_LinJ.36|src_c36.1000Y,,,,,,,,,,,,,,,,,,,,,,,,,,,,,,,,,,,,,,,,,
Seq_2076_LinJ.36|src_c36.1030Z,,,,,,,,,,,,,,,,,,,,,,,,,,,,,,,,,,,,,,,,,
Seq_2077_LinJ.36|src_c36.1040AA,,,,,,,,,,,,,,,,,,,,,,,,,,,,,,,,,,,,,,,,,
Seq_2081_LinJ.36|src_c36.1080,,,,,,,,,,,,,,,,,,,,,,,,,,,,,,,,,,,,,,,,,
Seq_2084_LinJ.36|src_c36.1110,,,,,,,,,,,,,,,,,,,,,,,,,,,,,,,,,,,,,,,,,
Seq_2085_LinJ.36|src_c36.1120AB,,,,,,,,,,,,,,,,,,,,,,,,,,,,,,,,,,,,,,,,,
Seq_2086_LinJ.36|src_c36.1130AC,,,,,,,,,,,,,,,,,,,,,,,,,,,,,,,,,,,,,,,,,
Seq_2087_LinJ.36|src_c36.1140,,,,,,,,,,,,,,,,,,,,,,,,,,,,,,,,,,,,,,,,,
Seq_2090_LinJ.36|src_c36.1170,,,,,,,,,,,,,,,,,,,,,,,,,,,,,,,,,,,,,,,,,
Seq_2092_LinJ.36|src_c36.1190,,,,,,,,,,,,,,,,,,,,,,,,,,,,,,,,,,,,,,,,,
Seq_2093_LinJ.36|src_c36.1200,,,,,,,,,,,,,,,,,,,,,,,,,,,,,,,,,,,,,,,,,
Seq_2103_LinJ.36|src_c36.1210AD,,,,,,,,,,,,,,,,,,,,,,,,,,,,,,,,,,,,,,,,,
Seq_2105_LinJ.36|src_c36.1220AE,,,,,,,,,,,,,,,,,,,,,,,,,,,,,,,,,,,,,,,,,
Seq_2096_LinJ.36|src_c36.1230AF,,,,,,,,,,,,,,,,,,,,,,,,,,,,,,,,,,,,,,,,,
Seq_2097_LinJ.36|src_c36.1240,,,,,,,,,,,,,,,,,,,,,,,,,,,,,,,,,,,,,,,,,
Seq_2106_LinJ.36|src_c36.1330AG,,,,,,,,,,,,,,,,,,,,,,,,,,,,,,,,,,,,,,,,,
Seq_2108_LinJ.36|src_c36.1350AH,,,,,,,,,,,,,,,,,,,,,,,,,,,,,,,,,,,,,,,,,
Seq_2111_LinJ.36|src_c36.1380,,,,,,,,,,,,,,,,,,,,,,,,,,,,,,,,,,,,,,,,,
Seq_2112_LinJ.36|src_c36.1390,,,,,,,,,,,,,,,,,,,,,,,,,,,,,,,,,,,,,,,,,
Seq_2114_LinJ.36|src_c36.1400AI,,,,,,,,,,,,,,,,,,,,,,,,,,,,,,,,,,,,,,,,,
Seq_2116_LinJ.36|src_c36.1420AJ,,,,,,,,,,,,,,,,,,,,,,,,,,,,,,,,,,,,,,,,,
Seq_2117_LinJ.36|src_c36.1440,,,,,,,,,,,,,,,,,,,,,,,,,,,,,,,,,,,,,,,,,
Seq_2120_LinJ.36|src_c36.1470AK,,,,,,,,,,,,,,,,,,,,,,,,,,,,,,,,,,,,,,,,,
Seq_2122_LinJ.36|src_c36.1490,,,,,,,,,,,,,,,,,,,,,,,,,,,,,,,,,,,,,,,,,
Seq_2126_LinJ.36|src_c36.1500AL,,,,,,,,,,,,,,,,,,,,,,,,,,,,,,,,,,,,,,,,,
