LinJ.01,666,24093,24758,plus,GGGGGAGGCGGGGGAGGCGGGGGGCACGCACCTCCATGCGTGGCATCCCAGGGTCCAGCGCCCCCCCCCTCCACCCCCGCTCTCTCTGTGTACGGAAGCCCGGCAGCCCCCTCACCCTCTATCCCTGCCAACGCCGAACCACTTCTGGTGCTGACAGGGCTGGGCCCTTACGGCGTTGGGCGAGGTCGGCGCGACGTAGCGCCACGGATGCCGGCGGCCATGTCGTGCATGGCGCTGCGTCCGAGCCACCCGCGACAGTGAGCACAGGCTTGCACGGTCCATGCGATGGGCGGAGCGTGTCAGCGCGGCTCGAGCGTGTCGCAGCCGGCCCCTCACACTGGCCCACGGCGAGGGGTGCGGGGGCCTGAGTGTCACCGCGACGGGGAGACGCACCCAGGGAGGAGGTGGGGGGAGTGGGGACCGGCATGATGGAGGGGCGGCTGTGTGGCGATGTGTGTGTATGTGGGTGTCGTCGCGTTTGAGGCAGGAGCCGTGCTGCGACGACCGAGCCGGCGCACTGCTGCAGCGCGCGTGTGTCTTGCGCTGCTTCGCACCAGGCGATGAGAGTGGGGTGGGGTGCCTGCAGCACTCGGCGGCGGGGGGGTGCAGAGCGGCCTCCACCTCGCAGTGTGCGGCAGCGAAAACGGACACGCGGAAGAGCAAACA
LinJ.01,618,35316,35933,plus,GAGGTGGAGGCCGCTCTGCCCCCCCCGCCGCCGAGTGCTGCAGGCACCCCACCCCACTCCCATCGCCTGGTGCGAAGCAGCGCAAGACACACGCGCGCTGCAGCAGTGCGCCGGCTCGGTCATCGCAGCACGGCTCCTGCCTCAAACGCGACGACACCCACATACACACACATCGCCACACAGCCGCCCCTCCATCATGCCGGTCCCCACTCCCCCCACCTCCTCCATGGGTGCGTCTCCCCGTCGCGGTGACACTCAGGCCCCCGCACCCCTCGCCGTGGGCCAGTGTGAGGGGCCGGCTGCGACACGCTCGAGCCGCGCTGACACGCTCCGCCCATCGCATGGACCGTGCAAGCCTGTGCTCACTGTCGCGGGTGGCTCGGACGCAGCGCCATGCACGACATGGCCGCCGGCATCCGTGGCGCTACGTCGCGCCGACCTCGCCCAACGCCGTAAGGGCCCAGCCCTGTCAGCACCAGAAGTGGTTCGGCGTTGGCAGGGATAGAGGGTGAGGGGGCTGCCGGGCTTCCGTACACAGAGAGAGCGGGGGTGGAGGGGGGGGGGCGCTGGACCCTGGGATGCCACGCATGGAGGTGCGTGCCCCCCGCCTCCCCCGCC
LinJ.01,884,39698,40581,plus,CTCACCCTCATCCCACCCCTCCTCGTCCATCGACGGGAGTGGGCGGGAGAGAACGGGGAGCACAACCATATTCGCTTTTCTACAATGTGCGTATTCTACCGCGAGCAAGGCAGCACACAGACGCACGCACAGCCACAGCTCACCTGGCACTCTGTTGCACGGCGGCTGAATCCGGGTCCTCTGGGACGAGCCGTTCAGCCGGTTGAATGAGGACCATACGTCTGACGGGCTCTCCTCCTTCCTCGTCCCTTCCTCGAAAATGTGCTGCGCGACCGACTCCAGGCGGACCTGGGCGTGGGCAACATGCCTTCATCCACGCCCGCCGCGTCCAGCGTCCTGCTCGACGGCTGGAGGCGATGGCGTCTGTCGTGCGGGTAACAGGGGTTTGTCTAGGCGCATGCCGGGTGTGCGCGAGGACGAGGTTGGCCAGCCGCAGGTCAGGGCCCCCTGAGACCCCGCAGACTCTGTCTGTATGCCATGCTTCGCCCTGAGTCACCTCAAGCTGCGGCATCTTAGGATATGGTGTGGTGACGCCCCAGATTGGGGACCTGGAGGGCTCAATGGGGCCCCCTTTGGGGGTGCTCTCGTCACGCCTTCGGCACCTATGTCGCATCGACTCGCCCGGCCGGATGTAAGAGGTGCCGCACATGTCGCACGCACGTTGGGGATGATTTGTATGCATCTCTGCGCGCCTTTCTGGGCTATCGCTCGTGCCCTGCTGACCTCTGGATGCCTTGTGTGGATGCGGTACGCCATGCCAGCGGCGCTTGAAAGCGCGTGCGCACGGCGCTCACATTTTCTGCATCCTAGGGCCTGTTCCAGGACGGCCTTGTTGCCTGGTGAGGTGGGCTCGCTGTCTTCATCGTCCATTTCCGTCCATGCCA
LinJ.01,645,54885,55529,plus,TGTTTGGTCTTCCGCGTGTCCGTTTTCGCTGCCGCACACTGCGAGGTGGAGGCCGCTCTGCACCCCCCCGCCGCCGAGTGCTGCAGGCACCCCACCCCACTCTCATCGCCTGGTGCGAAGCAGCGCAAGACACACGCGCGCTGCAGCAGTGCGCCGGCTCGGTCATAGCAGCACGGCTCCTGCCTCAAACGCGACGACACCCACATACACACACATCGCCACACAGCCGCCCCTCCATCATGCCGGTCCCCACTCCCCCCACCTCCTCCCTGGGTGCGTCTCCCCGTCGCGGTGACACTCAGGCCCCCGCACCCCTCGCCGTGGGCCAGTGTGAGGGGCCGGCTGCGACACGCTCGAGCCGCGCTGACACGCTCCGCCCATCGCATGGACCGTGCAAGCCTGTGCTCACTGTCGCGGGTGGCTCGGACGCAGCGCCATGCACGACATGGCCGCCGGCATCCGTGGCGCTACGTCGCGCCGACCTCGCCCAACGCCGTAAGGGCCCAGCCCTGTCAGCACCAGAAGTGGTTCGGCGTTGGCAGGGATAGAGGGTGAGGGGGCTGCCGGGCTTCCGTACACAGAGAGAGCGGGGGTGGAGGGGGGGGGCGCTGGACCCTGGGATGCCACGCATGGAGGTGCGTGCCT
LinJ.01,444,75923,76366,plus,ACCTCAGCGTGGCATCCCAGGGTCCAGCGCCCCCCCTCCACCCCCGCTCTCTCTGTGTGCGGAAGCCCGGCAGCCCCCTCACCCTCTATCCCTGCCAACGCCGAACCACTTCTGGTGCTGACAGGGCTGGGCCCTTACGGCGTTGGGCGAGGTCGGCGCGACGTAGCGCCACGGATGCCGGCGGCCATGTCGTGCATGGCGCTGCGTCCGAGCCACCCGCGACAGTGAGCACAGGCTTGCACGGTCCATGCGATGGGCGGAGCGTGTCAGCGCGGCTCGAGCGTGTCGCAGCCGGCCCCTCACACTGGCCCACGGCGAGGGGTGCGGGGGCCTGAGTGTCACCGCGACGGGGAGACGCACCCAGGGAGGAGGTGGGGGGAGTGGGGACCGGCATGATGGAGGGGCGGCTGTGTGGCGATGTGTGTGTATGTGGGTGTGCGCGCG
LinJ.01,306,86582,86887,plus,ATTTGGGCACATGCAGCTGGCGCTGCTGGCCCGTCGCGTGCGCCTCTCCTTTCCGCTTGTCTGTTACCATTGCGATTTGGAGCACAACGACGAAGTGGTCAAGCTTCCAAAGTCGGAAATACCAGAGGACCCGGATTCAGCCGCCGTGCAACAGAGTGCCAGGTGAGCTGTGGCTGTGCGTGCGTCTGTGTGCTGCCTTGCTCGCGGTAGAATACGCACATTGTAGAAAAGCGAATATGGTTGTGCTCCCCGTTCTCTCCCGCCCACTCCCGTCGATGGACGAGGAGGGGTGGGATGAGGGTGAGG
LinJ.01,259,113760,114018,plus,CAGCGCCATGCACGACATGGCCGCTGACGTCCGTAGCCCTAACTCGCGCTCTGCCGGGGCACTCCCTGACGTCACAGATGCTCGGCCCTGGTCGCCACCACAGGTGGTTCTGGCATGGGCCGGGACGGCGGAGGGAGGAGTGGGGGGTGGGTGGGTGGGTGGGTGGGCGCCCTGCAGCCTGAGGTACCCCCCCCCCACGCACGGAGGTGTGTGCGTGTGTGTGTGTGTGTGTGTGTCTGTGCGCCGCCGCCTCACCCCA
LinJ.01,1000,123005,124004,plus,CGTTGTTTTGGTTATGTTTGTGTGTGTGTGTGTGTGTATCGGCTTCGTCTTCCTAGCTTCCTTTTCTCGTACGCCTTCGCATGTGTCGGTCACACGTAAATCCTTCCCCCTCTCCCTCCCCCTCATCAGGGCTTCGTCCGTCTCCTCGTTTTTCTGGTCTTCTCCTTCCTTCAAGTGTGCTTGGCGGTGTTCATCATGGTCGTCATCGTCGTCTTGTCGTCTTCTGCTGTGTTTAACTGAGGGATCTGCCTGTGTGTGCCTGTCTGTCTGTTCTGAAGCTGATCTGCGGATGTGGAATCACGTTCTCGGCCCCTCCGTATGCCTGTCTCTGTCTGTGTCTGTCTGTGTGTTGTTCCTAATCGGTGCGTGCGTGCGTGCGTGCGTGTGTGTGCGCGCGCTTCCTTTTATGTCTCCCCTTCCTCCCATACCCCCTCCCCTCCCCTCCCCTCCCCCTCTCCTCGGCCACCCCTCCATATTGTTTACGTTTTTCATGTGTGTGTATGTGTGTGTTCGCTGATGTACATTGATGTGTGTGTATGTATGTGTGCATACGTATTCCATCGGCAACGCCTCACATGATTCACCCGTCTCTCCTCGTCCCTCCTCGTCTCTAGTTAAACGCTTGTTGTTGCGATGTCTTTCTCCCTTTCTCCCTTCCCCCCTCTCTCCCTCTCTCTCTCTCTGTGCCTGTGTGTGCGTGTGTGCGCGTGTGCGTGTGTGTGTGTGTGTGTGTGCGTGCCTTTCCGTACTCTCGCTATCCCTGCGTGTCTCTCTTTCTCTCTCTCATGTCCCCGCATCCATGCCGCCTCTCAGGGCATAAAACAGAAAGCAGACACGCATCACAGAGAAAGGGGCTGGGAACGCAATCTGCGGCAGGCACGTGTGCACACACAAACACACCGAGAGTTCTGTCTGTCTGTCTCTCTCTCTCTCATCATCTCCCTTCTTGTCCTTCTCTTCTCCGTCGCGTAGGCCGTCTTGTCTCACTCATAAGGCTGAT
LinJ.01,454,130118,130571,plus,CCTCTGCCGCGCAGCGCGAAGTCATCCCATCACGCCAACGCCGACTCTACGCCAGCCCTCAATAACCCTTTCACAGGCCCCTCCCCCACCCCCGGGTAGGCCAGTGTGAGGGGCCGGCCGCGATGCGCTCGAGCCGCGCTGGCACGCTCTGCCCATCATATGGACGGTGCAAACCTGCGCTCACTGTCGCGGGTGGCCCCGACGCAACGCCATGCACGACATGGCCGCTGACGTCCGTAGCCCTAACTCGCGCTCTGCCGGGGCACTCCCTGACGTCACAGATGCTCGGCCCTGGTCGCCACCACAGGTGGTTCTGGCATGGGCCGGGACGGCGGAGGGAGGAGTGGGGGGTGGGTGGGTGGGTGGGCGCCCTGCAGCCTGAGGTACCCCCCCCCCACGCACGGAGGTGTGTGCGTGTGTGTGTGTGTGTGTGTGTCTGTGCGCCGCCGCCCCG
LinJ.01,462,137458,137919,plus,TGACGACGGGGTGGGGCGGCGGCGCACAGACACACACACACACACACACACACACGCACACACCTCCGTGCGTGGGGGGGGGGGTACCTCAGGCTGCAGGGCGCCCACCCACCCACCCACCCACCCCCCACTCCTCCCTCCGCCGTCCCGGCCCATGCCAGAACCACCTGTGGTGGCGACCAGGGCCGAGCATCTGTGACGTCAGGGAGTGCCCCGGCAGAGCGCGAGTTAGGGCTACGGACGTCAGCGGCCATGTCGTGCATGGCGTTGCGTCGGGGCCACCCGCGACAGTGAGCGCAGGTTTGCACCGTCCATATGATGGGCAGAGCGTGTCAGCGCGGCTCGAGCGCATCGCGGCCGGCCCCTCACACTGGCCTACCCGGGGGTGGGGGAGGGGCCTGTGGAAGGGTTATTGAGGGCTGGCGTAGAGTCGGCGTTGGCGTGATGGGATGACCTCACGCC
LinJ.01,446,205558,206003,plus,GATGACGGGGTGGGGCGGCGGCGCACACACACACACGCACACACCTCCGTGCGTGGGGGGGGGGGTACCTCAGGCTGCAGGGCGCCCACCCACCCCCCCCCACTCCTCCCTCCGCCGTCCCGGCCCATGCCAGAACCACCTGTGGTGGCGACCAGGGCCGAGCATCTGTGACGTCAGGGAGTGCCCCGGCAGAGCGCGAGTTAGGGCTACGGACGTCAGCGGCCATGTCGTGCATGGCGTTGCGTCGGGGCCACCCGCGACAGTGAGCGCAGGTTTGCACCGTCCATATGATGGGCAGAGCGTGTCAGCGCGGCTCGAGCGCATCGCGGCCGGCCCCTCACACTGGCCTACCCGGGGGTGGGGGAGGGGCCTGTGGAAGGGTTATTGAGGGCTGGCGTAGAGTCGGCGTTGGCGTGATGGGATGACTTCGCGTTGCGAGGAAGAGG
LinJ.01,213,272910,273122,plus,TCTCTGTCTTCACTTCCTCGGTGCGTCTGGTGGTGGTTGCGCCTCTTTTTGAGATTCCTGTAGTTGTCACCTCGTTTCAAATTGTTTTCATGTTTTGCAGGTATAGATCCTTGTGTGTTTGCACGCCTTCCGTGGTTGCTGTCGTTACTGCGTCGGTTGGTTGCAGACACCTCTTTCCGTCGACTATATCTTTCTTTCTTTCTCCCTCGTCTT
LinJ.01,209,273188,273396,plus,CTCTCCCTCACTCCCTCGGTGCGTGTGGTGGTGGTTGCGCCTCTCTTGTCGATTCCTGTAGTTGTCACCTCGTTTCAAATTGTTTTTTCGAAAATCAAGCGTGTGTGTTTGCACGCCTTCCGTGGTTGCTGTCGTTACTGCGTCGGTTGGTTGCAGACACCTCTTTTCGTCGACTATATCTTTCTTTCTTTCGCCCTCGTCTTTTGCAT
LinJ.01,211,273449,273659,plus,CTCTCCCTCACTCCCTCGGTGCGTGTGGTGGTGGTTGCGCCTCTCTTGTCGATTCCTGTAGTTGTCACCTCGTTTCAAATTGTTTTCATCTTTTGCAGGTATAGATCCTTGTGTGTTTGCACGCCTTCCGTGGTCGCTGTCTTTACTGCGTCGGTTGGTTGCAGACACCTCTTTCCGTCGACTATATATTTCTTTCTTTCGCCCTCGTCTT
LinJ.01,209,273725,273933,plus,CTCTCCCTCACTCCCTCGGTGCGTGTGGTGGTGGTTGCGCCTCTCTTGTCGATTCCTGTAGTTGTCACCTCGTTTCAAATTGTTTTTTCGAAAATCAAGCGTGTGTGTTTGCACGCCTTCCGTGGTTGCTGTCGTTACTGCGTCGGTTGGTTGCAGACACCTCTTTCCGTCGACTATATCTTTCTTTCTTTCGCCCTCGTCTTTTGCAT
LinJ.01,179,273988,274166,plus,CTCTCCCTCACTCCCTCGGTGCGTGTGGTGGTGGTCGCGCCTCTTTTTCAGAGTCCTGTAGTTGTCGCCTCGTTTCAAATTGTTTTTTCGAAAATCAAGCGTGTGTGTTTGCACGCCTTCCGTGGTTGCTGTCGTTACTGCGTCGGTTGGTTGCAGACACCTCTTTTCGTCGACTATAT
LinJ.01,181,274252,274432,plus,CTCTCCCTCACTCCCTCGGTGCGTGTGGTGGTGGTCGCGCCTCTTTTTCAGAGTCCTGTAGCTGTCGCCTCGTTTCAAATTGTTTTTTCGAAAATCAAGCGTGTGTGTTTGCACGCCTTCCGTGGTTGCTGTCGTTACTGCGTCGGTTGGTTGCAGACACCTCTTTTCGTCGACTATATAT
LinJ.01,210,274511,274720,plus,CTCTCCCTCACTCCCTCGGTGCGTGTGGTGGTGGTCGCGCCTCTTTTTGAGATTCCTGTAGTTGTCACCTCGTTTCAAATTGTTTTTTTCGAAAATCAAGCGTGTGTGTTTGCACGCCTTCCGTGGTTGCTGTCGTTACTGCGTCGGTTGGTTGCAGACACCTCTTTTCGTCGACTATATCTTTCTTTCTTTCGCCCTCGTCTTTTGCAT
LinJ.01,187,274773,274959,plus,CTCTCCCTCACTCCCTCGGTGCGTGTGGTGGTGGTTGCGCCTCTCTTGTCGATTCCTGTAGTTGTCACCTCGTTTCAAATTGTTTTCATCTTTTGCAGGTATAGATCCTTGTGTGTTTGCACGCCTTCCGTGGTTGCTGTCGTTACTGCGTCGGTTGGTTGCAGACACCTCTTTTCGTCGACTATAT
LinJ.01,202,275045,275246,plus,CTCTCCCTCACTCCCTCGGTGCGTGTGGTGGTGGTTGCGCCTCTCTTGTCGATTCCTGTAGTTGTCACCTCGTTTCAAATTGTTTTTCAAAAATCAAGCGTGTGTGTTTGCACGCCTTCCGTGGTTGCTGTCGTTACTGCGTCGGTTGGTTGCAGACACCTCTTTTCGTCGACTATATCTTTCTTTCTTTCGCCCTCGTCTT
LinJ.01,205,275312,275516,plus,CTCTCCCTCACTCCCTCGGTGCGTGTGGTGGTGGTCGCGCCTCTTTTTCAGAGTCCTGTAGCTGTCGCCTCGTTTCAAATTGTTTTTTCGAAAATCAAGCGTGTGTGTTTGCACGCCTTCCGTGGTTGCTGTCGTTACTGCGTCGGTTGGTTGCAGACACCTCTTTTCGTCGACTATATATTTCTTTCGCCCTCGTCTTGTGCAT
LinJ.01,560,24758,24199,minus,TGTTTGCTCTTCCGCGTGTCCGTTTTCGCTGCCGCACACTGCGAGGTGGAGGCCGCTCTGCACCCCCCCGCCGCCGAGTGCTGCAGGCACCCCACCCCACTCTCATCGCCTGGTGCGAAGCAGCGCAAGACACACGCGCGCTGCAGCAGTGCGCCGGCTCGGTCGTCGCAGCACGGCTCCTGCCTCAAACGCGACGACACCCACATACACACACATCGCCACACAGCCGCCCCTCCATCATGCCGGTCCCCACTCCCCCCACCTCCTCCCTGGGTGCGTCTCCCCGTCGCGGTGACACTCAGGCCCCCGCACCCCTCGCCGTGGGCCAGTGTGAGGGGCCGGCTGCGACACGCTCGAGCCGCGCTGACACGCTCCGCCCATCGCATGGACCGTGCAAGCCTGTGCTCACTGTCGCGGGTGGCTCGGACGCAGCGCCATGCACGACATGGCCGCCGGCATCCGTGGCGCTACGTCGCGCCGACCTCGCCCAACGCCGTAAGGGCCCAGCCCTGTCAGCACCAGAAGTGGTTCGGCGTTGGCAGGGATAGAGGGTGAGGGGG
LinJ.01,790,36163,35374,minus,TCAGTTTTCTCTGCACTGCCCTCGGCGGCGGCATCACACGGCTGCGTGTGTCGGTCTGTCTTGACAGTTCGCCCCGCCCCACCCCCCTCTGCTCCCTCCCCTGGCTCCTCTCGAGACCGACGGCGGCGCTGACGGATGTGGTTGCTGCCATCACATAGCAGCTGTGGGCGACTGATGCATACACACCTGAGCGTTGTGCAATCAGCTGAGCATACCGCCTCCTCCGTGACGGCGGGGGAGGCGGGGGGCACGCACCTCCATGCGTGGCATCCCAGGGTCCAGCGCCCCCCCCCCTCCACCCCCGCTCTCTCTGTGTACGGAAGCCCGGCAGCCCCCTCACCCTCTATCCCTGCCAACGCCGAACCACTTCTGGTGCTGACAGGGCTGGGCCCTTACGGCGTTGGGCGAGGTCGGCGCGACGTAGCGCCACGGATGCCGGCGGCCATGTCGTGCATGGCGCTGCGTCCGAGCCACCCGCGACAGTGAGCACAGGCTTGCACGGTCCATGCGATGGGCGGAGCGTGTCAGCGCGGCTCGAGCGTGTCGCAGCCGGCCCCTCACACTGGCCCACGGCGAGGGGTGCGGGGGCCTGAGTGTCACCGCGACGGGGAGACGCACCCATGGAGGAGGTGGGGGGAGTGGGGACCGGCATGATGGAGGGGCGGCTGTGTGGCGATGTGTGTGTATGTGGGTGTCGTCGCGTTTGAGGCAGGAGCCGTGCTGCGATGACCGAGCCGGCGCACTGCTGCAGCGCGCGTGTGTCTTGCGCTGCTTCGCACCAGGCGATGGG
LinJ.01,884,40581,39698,minus,TGGCATGGACGGAAATGGACGATGAAGACAGCGAGCCCACCTCACCAGGCAACAAGGCCGTCCTGGAACAGGCCCTAGGATGCAGAAAATGTGAGCGCCGTGCGCACGCGCTTTCAAGCGCCGCTGGCATGGCGTACCGCATCCACACAAGGCATCCAGAGGTCAGCAGGGCACGAGCGATAGCCCAGAAAGGCGCGCAGAGATGCATACAAATCATCCCCAACGTGCGTGCGACATGTGCGGCACCTCTTACATCCGGCCGGGCGAGTCGATGCGACATAGGTGCCGAAGGCGTGACGAGAGCACCCCCAAAGGGGGCCCCATTGAGCCCTCCAGGTCCCCAATCTGGGGCGTCACCACACCATATCCTAAGATGCCGCAGCTTGAGGTGACTCAGGGCGAAGCATGGCATACAGACAGAGTCTGCGGGGTCTCAGGGGGCCCTGACCTGCGGCTGGCCAACCTCGTCCTCGCGCACACCCGGCATGCGCCTAGACAAACCCCTGTTACCCGCACGACAGACGCCATCGCCTCCAGCCGTCGAGCAGGACGCTGGACGCGGCGGGCGTGGATGAAGGCATGTTGCCCACGCCCAGGTCCGCCTGGAGTCGGTCGCGCAGCACATTTTCGAGGAAGGGACGAGGAAGGAGGAGAGCCCGTCAGACGTATGGTCCTCATTCAACCGGCTGAACGGCTCGTCCCAGAGGACCCGGATTCAGCCGCCGTGCAACAGAGTGCCAGGTGAGCTGTGGCTGTGCGTGCGTCTGTGTGCTGCCTTGCTCGCGGTAGAATACGCACATTGTAGAAAAGCGAATATGGTTGTGCTCCCCGTTCTCTCCCGCCCACTCCCGTCGATGGACGAGGAGGGGTGGGATGAGGGTGAG
LinJ.01,790,55775,54986,minus,GTATGGTGATCGCCGTCGATCTGTCGCACACGAGCACGTGCCATGACTGTGAGGACTGCCTCGGACGCGCCGACTGCATGGATGTCCTGCGCGTTCACGTCTACTGCCCGCAGGCTCTGAGCACGGACTTCAGCTGCTGATGTGCGTGCTCGCTCCGTCGTGACACCCCACTACATTCAAATTTCGTTCACGGAGCCGCTGCCGTTTTATATGCTCAACGCGACAGTTCCGACCCGCGATGACGGAAGGCACGCACCTCCATGCGTGGCATCCCAGGGTCCAGCGCCCCCCCCCTCCACCCCCGCTCTCTCTGTGTACGGAAGCCCGGCAGCCCCCTCACCCTCTATCCCTGCCAACGCCGAACCACTTCTGGTGCTGACAGGGCTGGGCCCTTACGGCGTTGGGCGAGGTCGGCGCGACGTAGCGCCACGGATGCCGGCGGCCATGTCGTGCATGGCGCTGCGTCCGAGCCACCCGCGACAGTGAGCACAGGCTTGCACGGTCCATGCGATGGGCGGAGCGTGTCAGCGCGGCTCGAGCGTGTCGCAGCCGGCCCCTCACACTGGCCCACGGCGAGGGGTGCGGGGGCCTGAGTGTCACCGCGACGGGGAGACGCACCCAGGGAGGAGGTGGGGGGAGTGGGGACCGGCATGATGGAGGGGCGGCTGTGTGGCGATGTGTGTGTATGTGGGTGTCGTCGCGTTTGAGGCAGGAGCCGTGCTGCTATGACCGAGCCGGCGCACTGCTGCAGCGCGCGTGTGTCTTGCGCTGCTTCGCACCAGGCGATGAG
LinJ.01,371,76366,75996,minus,CGCGCGCACACCCACATACACACACATCGCCACACAGCCGCCCCTCCATCATGCCGGTCCCCACTCCCCCCACCTCCTCCCTGGGTGCGTCTCCCCGTCGCGGTGACACTCAGGCCCCCGCACCCCTCGCCGTGGGCCAGTGTGAGGGGCCGGCTGCGACACGCTCGAGCCGCGCTGACACGCTCCGCCCATCGCATGGACCGTGCAAGCCTGTGCTCACTGTCGCGGGTGGCTCGGACGCAGCGCCATGCACGACATGGCCGCCGGCATCCGTGGCGCTACGTCGCGCCGACCTCGCCCAACGCCGTAAGGGCCCAGCCCTGTCAGCACCAGAAGTGGTTCGGCGTTGGCAGGGATAGAGGGTGAGGGGG
LinJ.01,305,86886,86582,minus,CTCACCCTCATCCCACCCCTCCTCGTCCATCGACGGGAGTGGGCGGGAGAGAACGGGGAGCACAACCATATTCGCTTTTCTACAATGTGCGTATTCTACCGCGAGCAAGGCAGCACACAGACGCACGCACAGCCACAGCTCACCTGGCACTCTGTTGCACGGCGGCTGAATCCGGGTCCTCTGGTATTTCCGACTTTGGAAGCTTGACCACTTCGTCGTTGTGCTCCAAATCGCAATGGTAACAGACAAGCGGAAAGGAGAGGCGCACGCGACGGGCCAGCAGCGCCAGCTGCATGTGCCCAAAT
LinJ.01,629,114388,113760,minus,GGAATCCGGAAAAGAGAGACGGGTGTGGAGCCGTCGGACAGCAGTGCACTGTTTCGTGTTGCGGTGCGGCTATCGACGGCGGTGAACGAGCCGGTGAGTCTTCAAGGCAAACACGGGAAGGCCGGTACGGAGGAGAGGCGGTGGGTAGGTGGGCGGCAGAGGCGGTGATCGTGGCAGTGCGTGCCGGCGCAGGAGCCCTGTGTGGTTAGAATGTGATGAGGCTCAGACACGTAGATAGAGGGACTGAGGGAAGGGGAGGGGGCAGGGCGGCAACAAAATTTGAGGCCGGTTGGAAGGAGAAGAAGGGGACGAAGGCATCTGTGCGCGTGCGTGTATGTATTTTCTGCTCAATCACGCACGTGTATCGTTGTGGGGTGAGGCGGCGGCGCACAGACACACACACACACACACACACGCACACACCTCCGTGCGTGGGGGGGGGGTACCTCAGGCTGCAGGGCGCCCACCCACCCACCCACCCACCCCCCACTCCTCCCTCCGCCGTCCCGGCCCATGCCAGAACCACCTGTGGTGGCGACCAGGGCCGAGCATCTGTGACGTCAGGGAGTGCCCCGGCAGAGCGCGAGTTAGGGCTACGGACGTCAGCGGCCATGTCGTGCATGGCGCTG
LinJ.01,133,125420,125288,minus,TTCGATCGAACGCGCAGGGTCGACGCCCCCCCCCTTATCCGTCCATGCCTCTCGCTCATTGGCGGACATGGACGCACAGACACGGCAGCAAAGCCAGTTGAGATCCTCCCGGGCACAGGAGGGGGTGGTGGTG
LinJ.01,628,130854,130227,minus,CTCCCTCCGTGAGGGCACAGAGAGAGAGAGAGAGCAAAGCCGTCTGGCAGGATGTGAAAGAGGGCAGGGATCATCACGAGACTCGGCGGTCATGCGTGCTGCGGAAGGCCCCCTTCCGCCTCGGGCCGCCTTCCGCGACAGAACCGACGAGGGAGGGAGGTAGGAAAAGGGCCGAAGGCGAGAAGAGAACAACGGCTTCGTCGGCGCTTGACTTGCCGTGGCTGTCGATCGTCTTGATTCTTTGGTTAGCTGCTGACTCCAGCCGCCGCCTCCTCGCTGATGACGGGGCGGCGGCGCACAGACACACACACACACACACACACGCACACACCTCCGTGCGTGGGGGGGGGGTACCTCAGGCTGCAGGGCGCCCACCCACCCACCCACCCCCCACTCCTCCCTCCGCCGTCCCGGCCCATGCCAGAACCACCTGTGGTGGCGACCAGGGCCGAGCATCTGTGACGTCAGGGAGTGCCCCGGCAGAGCGCGAGTTAGGGCTACGGACGTCAGCGGCCATGTCGTGCATGGCGTTGCGTCGGGGCCACCCGCGACAGTGAGCGCAGGTTTGCACCGTCCATATGATGGGCAGAGCGTGCCAGCGCGGCTCGAGCGCATCGCGGCCGGCCCC
LinJ.01,224,137918,137695,minus,GCGTGAGGTCATCCCATCACGCCAACGCCGACTCTACGCCAGCCCTCAATAACCCTTCCACAGGCCCCTCCCCCACCCCCGGGTAGGCCAGTGTGAGGGGCCGGCCGCGATGCGCTCGAGCCGCGCTGACACGCTCTGCCCATCATATGGACGGTGCAAACCTGCGCTCACTGTCGCGGGTGGCCCCGACGCAACGCCATGCACGACATGGCCGCTGACGTCCG
LinJ.01,237,206003,205767,minus,CCTCTTCCTCGCAACGCGAAGTCATCCCATCACGCCAACGCCGACTCTACGCCAGCCCTCAATAACCCTTCCACAGGCCCCTCCCCCACCCCCGGGTAGGCCAGTGTGAGGGGCCGGCCGCGATGCGCTCGAGCCGCGCTGACACGCTCTGCCCATCATATGGACGGTGCAAACCTGCGCTCACTGTCGCGGGTGGCCCCGACGCAACGCCATGCACGACATGGCCGCTGACGTCCG
LinJ.01,1000,221391,220392,minus,TTCGATCGAACGCGCAGGGTCGACGCCCCCCCCCCCTTATCCGTCCATGCCTCTCGCTCATTGGCGGACATGGACGCACAGACACGGCAGCAAAGCCAGTTGAGATCCTCCCGGGCACAGGAGGGGGTGGTGGTGCGTGCGTGTGCGTGTATGTGTGTGCGCGCCATCTCCGGCACTGGCACCAACACACACACACACGCACACACACGCACGCACGCACATTCGTGCAATGAGAGATGGAGAAGCCACACACCACAACCACAATAGCAGCCATCACCATAGCTTACCCTTTATCGGGGCCTCGCCCCTCCTCAGCTGTGAACTGACTGGCGCGGTTACCGCAGTCGCGGTGTTTGCCGGCCACTGCCGCTGCATAGGTGGGAGGAGAGCCTTTCCTGCATGGCAGAGTGCAACAGACGCGTTTTTTTTTTGTGTGCGTGTGTGGGGTGGGGTGGGGGGAGGCGTTGACTCGCACGCGGCTGCGATACCGTTGGTGGGGCGGCGGCGCCTGCGCATACATTACGTTGTGCTGAAGAGGTCTTTTGGGTCCAGCCGAGGGAGGGGTTTCGGTCTCTGCTGCTGTGGTGGGGACGCGGCGCTAGCGCCGTCACTGCCGCCGTTCGCCGCCTCGGTCGCGCTGGCGGAGCCCGCCGCTGCGGCTGCCGGCCCCTTCTGCTGCCTCTGAGAGAGTAGCAGCGCCCTCTGCGCCTCCAGTCGCTCTACGAAGTCGGCGTCGACCTTGTCGGCGCCGTACGTGTCGCGCAGGCAGCGAAGTAGCGCGCCGATCTGCGCGCGTGTGAGCTCGTCGCTGCGCTTCCACAGCGCGGAGAGTACCGTGGCCATGGCAGTGCGGAGAATATCACCAGGTGCGGGCAGCGACGGGGAGGAGGGCTCGCCCTGACGCGTCGCCGGTGGCGTGGCGGGAGCCTGCGCATCATCGTCGCTCCTGTGTGCAGCGGCACTGGCGCCCTTGGTGGCTGTGCGGAGACCCGTTGAGGTG
