sseqid,sstart,send,sstrand,sseq
LinJ.13,507535,507606,plus,CCCTGCCCATGCCGAACCACTTCGGGTGGTGGCGGGGGTTCCCGTGCCCACGACGCAGAGAGGCCAGAGCGA
LinJ.14,430615,430655,plus,CCCTGCCAATGCTGAAGCACCCCTGGTGGCGCCAGGGCCAG
LinJ.24,478722,478742,minus,GTGGTGACAGGGTCGTGTGCC
LinJ.28,520036,520067,plus,CCCATGCCAAATGCCGAACCACCTCTGGTGGT
LinJ.30,276569,276583,minus,GGGGAGGTCAGAGCG
LinJ.31,999854,999869,plus,GTAGGGGAGGTCAGAG
LinJ.32,1098138,1098158,minus,AGTGCCTACTACGCAGCGGAG
LinJ.33,1203437,1203451,plus,CTGCCAATGCCGAAC
LinJ.34,1356534,1356565,plus,CCAGTGCCGAATGTCTTCTGGTGGTGAGAGGG
LinJ.35,1116896,1116932,minus,CCAATGCCGAAGCACTTGTGGAGGCGACAGGGTCAAG
